name,scores,max,median,std,area00,musiq,arniqa,unique,paq2piq,psnr_rlfn,ssim_rlfn,lpips-vgg_rlfn,stlpips-vgg_rlfn,pieapp_rlfn,ahiq_rlfn,vgg_pca_000,vgg_pca_001,vgg_pca_002,vgg_pca_003,vgg_pca_004,resnet_pca_000,resnet_pca_001,resnet_pca_002,resnet_pca_003,resnet_pca_004
PASD/1024x768___4962875195.npy.gz,0.8175324675324676,0.282926082611084,0.1246969699859619,0.057706918567419,0.95367431640625,76.25045013427734,0.6990156173706055,1.4767701625823977,71.4974136352539,25.632932662963867,0.7400796833834462,0.3971827328205108,0.4110010266304016,0.4924788177013397,0.3471120297908783,-7.3816643,-9.20852,-7.3644357,-13.14092,-0.8371091,-0.46355724,1.2235792,0.7625915,0.5028895,1.2008023
PASD/ava_images___101816.npy.gz,0.7822916666666667,0.2842528223991394,0.1779607832431793,0.0789226591587066,0.8465011286681715,77.31690216064453,0.7928722500801086,1.85592520236969,78.60379791259766,19.10248565673828,0.5021292227441024,0.4863942563533783,0.5284298062324524,1.1939325332641602,0.3891725540161133,2.861929,30.581104,-8.964487,-14.658104,33.20649,1.3407462,-1.9825758,-0.50059104,1.5195961,-1.0566224
PASD/ava_images___158174.npy.gz,0.7708333333333333,0.2346592247486114,0.0478175282478332,0.0665863677859306,0.87890625,76.49544525146484,0.7586856484413147,1.7822109460830688,75.95238494873047,27.253665924072266,0.9063777954962232,0.1813572645187378,0.1771282702684402,0.637999951839447,0.5660175681114197,-18.736752,-15.305605,-2.6177034,-12.90662,-70.48456,-3.919108,0.5330124,5.212513,-4.7891445,-1.3830295
PASD/ava_images___18037.npy.gz,0.7009803921568627,0.2139404118061065,0.0548020005226135,0.0474011041224002,0.87890625,55.30467224121094,0.5737115740776062,0.8012322783470154,73.5882568359375,29.85508155822754,0.9068322037979774,0.2691041827201843,0.2420146614313125,0.7543259263038635,0.4253503978252411,-14.182974,-12.577772,-10.755374,-9.86645,1.3074956,8.764357,2.0688438,3.7284937,2.7697768,-0.016517395
PASD/ava_images___217590.npy.gz,0.6487804878048781,0.1866892576217651,0.0409707427024841,0.0406843312084674,0.9263833992094862,58.09449005126953,0.6767067909240723,1.0393414497375488,71.93994140625,37.87181854248047,0.9557782886341069,0.2830566167831421,0.1204234808683395,1.050178050994873,0.4751737713813782,-11.754056,-11.92598,-10.6304035,-9.373965,1.0455245,4.1709146,0.5224514,1.7097044,1.9907227,-0.070301235
PASD/ava_images___251530.npy.gz,0.5836734693877551,0.2730530500411987,0.2152085304260254,0.0762676671147346,0.8782201405152225,57.72758483886719,0.6570693254470825,1.0622482299804688,70.97029876708984,19.74260711669922,0.4478986753699605,0.5790329575538635,0.4848003685474396,0.7235764861106873,0.1660498231649398,-11.733833,-10.406605,-10.003293,-10.223551,0.23458675,8.497834,2.8711467,-9.992002,-7.0774107,-0.82239854
PASD/ava_images___253900.npy.gz,0.523469387755102,0.2886648774147033,0.1188093423843383,0.0713875368237495,0.9174792911817132,59.70871353149414,0.6667670607566833,0.8499571084976196,71.95194244384766,25.90140151977539,0.7650323841795046,0.3557379841804504,0.2848317921161651,0.5355178117752075,0.3251679539680481,2.5265808,-15.276693,-3.2475314,-5.3084145,-1.236049,0.5259105,7.064497,0.3112085,-1.3273993,3.558211
PASD/ava_images___273810.npy.gz,0.6196078431372549,0.2014406323432922,0.0499868690967559,0.0527572780847549,1.0,57.5544319152832,0.7175729274749756,1.5947182178497314,71.06983184814453,32.58816146850586,0.939732787072036,0.2013995945453643,0.1336009204387664,1.4900010824203491,0.4784055650234222,-28.772707,-0.2883606,15.280933,-16.8083,-20.601505,-2.196494,-3.265616,4.2890835,-2.8821886,-1.5921879
PASD/ava_images___295451.npy.gz,0.5561224489795918,0.2382730841636657,0.0791403651237487,0.0712741389870643,0.8782201405152225,59.47517013549805,0.6234977841377258,0.5567920804023743,69.51280212402344,22.25279235839844,0.7633741792150388,0.3788075745105743,0.2603581249713897,1.2880425453186035,0.3368537127971649,-17.812654,-10.494265,-3.4296298,-8.28421,-1.3464671,-1.4055341,-2.0032532,1.9583375,-1.9577036,0.21897975
PASD/ava_images___308473.npy.gz,0.4648936170212766,0.2449337542057037,0.1312266886234283,0.0701345205307006,0.8782201405152225,58.99155426025391,0.6504002809524536,0.0868926346302032,65.8855209350586,25.683082580566406,0.7935739886294558,0.3683567941188812,0.2200703024864196,0.4304839968681335,0.2942132651805877,-3.9292364,-13.030221,-10.581337,-10.484255,-3.0180714,-2.442956,7.1581297,-0.52794397,-0.73009557,4.8549867
PASD/ava_images___321917.npy.gz,0.6438775510204081,0.3506046533584595,0.2487508654594421,0.1032652109861373,0.8680555555555556,66.34660339355469,0.6830517053604126,1.4184072017669678,68.66854095458984,18.988656997680664,0.500561178755787,0.5042591691017151,0.5323234796524048,0.7816042900085449,0.3217225670814514,0.6694813,-15.644468,-11.745605,-8.230397,1.5313588,2.2897491,-1.2642932,-1.9733005,0.05007428,3.2703536
PASD/ava_images___360165.npy.gz,0.7673469387755102,0.2650545835494995,0.1409896910190582,0.0681357383728027,0.8802816901408451,75.81912994384766,0.7110121846199036,1.3315224647521973,76.0593490600586,21.0526123046875,0.7035026340263161,0.3654625415802002,0.3942671120166778,0.1107427105307579,0.3509855568408966,21.989477,-72.569534,260.5449,56.840355,23.439383,0.75540906,-1.8232962,0.5047626,0.8694133,-0.18749799
PASD/ava_images___426629.npy.gz,0.7118421052631578,0.3078739643096924,0.1878027319908142,0.0896799638867378,0.9014423076923076,66.84728240966797,0.6641116738319397,0.7696259617805481,71.8266372680664,22.138185501098636,0.655135092202425,0.4466435313224792,0.4479341506958008,0.6925830245018005,0.3302698135375976,-14.147083,-8.107306,-8.115622,-9.87354,1.1800004,3.5384803,2.0153613,-2.1147263,-1.4027698,-0.16884328
PASD/ava_images___436880.npy.gz,0.5349999999999999,0.259434163570404,0.1729578971862793,0.0608296282589435,0.9191176470588236,66.92498779296875,0.6788766980171204,1.6573388576507568,71.14110565185547,19.945541381835938,0.592121124061284,0.435588002204895,0.4654756188392639,0.8868391513824463,0.2005168497562408,-6.0630264,1.8603001,-10.527848,-18.008831,0.46216705,-2.887035,3.4630656,-1.6254191,0.33066,-0.59045273
PASD/ava_images___46021.npy.gz,0.6941176470588235,0.1224888563156127,0.0429442524909973,0.0271394085139036,0.893802966101695,54.02836608886719,0.6515582203865051,0.7353034019470215,73.48613739013672,25.834815979003903,0.9117217778921094,0.2247774600982666,0.0796896293759346,1.596174240112305,0.442760556936264,-12.841409,-12.79695,-6.5838113,2.0756445,-3.711844,-0.7600987,-2.1241493,0.5913119,-1.0671434,2.0642323
PASD/ava_images___472713.npy.gz,0.820754716981132,0.2772002816200256,0.1659751832485199,0.0782924443483352,0.8881578947368421,77.88391876220703,0.7767831683158875,1.186169981956482,77.88094329833984,22.83045959472656,0.6444413856573414,0.4488548338413238,0.4422992467880249,1.433959722518921,0.2473769634962082,-5.4097967,-2.3920546,3.3719683,8.921986,0.6054832,-1.4296895,-1.8318152,1.4522843,0.08895129,-0.9282246
PASD/ava_images___501777.npy.gz,0.51,0.2910552024841308,0.131028950214386,0.0674927234649658,0.92738309352518,58.22923278808594,0.6861154437065125,-0.2056618779897689,69.04998016357422,24.773719787597656,0.7546887816071748,0.438159167766571,0.3956562876701355,1.1975663900375366,0.31412273645401,-11.883733,-10.873581,-4.9110937,-11.762524,-1.1216601,-2.7779317,1.0839739,0.5486353,-1.7389066,-0.2846621
PASD/ava_images___564572.npy.gz,0.8,0.2661924958229065,0.0959612131118774,0.0707122310996055,0.9283371913580248,76.40789794921875,0.7447443604469299,1.6251932382583618,79.0549087524414,23.86630630493164,0.8170370275553361,0.2962290644645691,0.2494497597217559,0.0145444711670279,0.329686164855957,-18.618668,-15.467315,-11.226057,4.884904,-3.1740878,1.2915351,-3.237988,-0.4467574,0.49721032,1.2629056
PASD/ava_images___588008.npy.gz,0.5333333333333333,0.1373248100280761,0.0135478377342224,0.0361603386700153,0.8567232375979112,57.22611618041992,0.6008819937705994,1.1198650598526,72.88768768310547,32.501712799072266,0.9655186647589536,0.248948186635971,0.1710282415151596,0.4707746803760528,0.5298952460289001,-15.247269,-12.654263,-10.608094,-8.619923,0.5061494,9.951123,2.5136566,7.6117315,5.346303,-1.0767834
PASD/ava_images___645845.npy.gz,0.6717391304347826,0.2804300189018249,0.1235546767711639,0.0796744972467422,0.8471385542168675,70.40662384033203,0.7653688192367554,1.2321445941925049,76.40364074707031,24.768871307373047,0.7852412428356316,0.2990509569644928,0.2195448875427246,0.9831606149673462,0.4347967207431793,6.7890987,-1.4391947,-4.6622763,-9.45027,-10.752278,1.6937585,-0.23620701,-0.52266693,1.1921198,-0.5682843
PASD/ava_images___699615.npy.gz,0.7875,0.2097463607788086,0.0764814317226409,0.0668779388070106,0.8735150244584207,74.34130859375,0.7805764675140381,1.658944010734558,74.64369201660156,25.597192764282227,0.8523119768899033,0.2310628294944763,0.166111335158348,0.6988521814346313,0.4613431990146637,-11.634243,-0.36432076,-64.375305,221.07875,22.724144,0.17751306,-3.8832378,-0.20275304,0.84025776,2.3993719
PASD/ava_images___710191.npy.gz,0.846938775510204,0.2820128798484802,0.0562231838703155,0.0912249758839607,0.860969387755102,70.0154800415039,0.7615224123001099,1.3742125034332275,73.93107604980469,29.730934143066406,0.8943363718109151,0.2425923943519592,0.1443103998899459,0.5033645629882812,0.4133044183254242,-14.67177,-8.185747,4.489669,-12.845942,-10.244348,-2.1377773,-1.1372641,1.5728822,-2.6297011,-0.2960731
PASD/ava_images___737450.npy.gz,0.7969387755102041,0.1920460164546966,0.0534766316413879,0.0538132786750793,0.8823529411764706,72.08201599121094,0.6816601753234863,1.4348453283309937,80.71553802490234,24.54588890075684,0.8014502131743294,0.2737722396850586,0.2326684594154358,1.8497980833053589,0.3473577797412872,-22.34495,-4.298736,-9.691716,26.769041,-0.30021742,0.71862525,-2.1451783,0.6965872,0.9732163,-0.17206548
PASD/ava_images___74410.npy.gz,0.6978260869565218,0.3049059510231018,0.2251688241958618,0.0838259607553482,0.860969387755102,66.49565124511719,0.6673634648323059,1.7629128694534302,78.44979858398438,22.878210067749023,0.513750635042353,0.5195251703262329,0.5643013715744019,1.3428959846496582,0.3558877408504486,-11.9514885,-12.112138,-4.556919,-10.691004,-0.019108415,4.2211366,-1.3691663,-2.1721902,-6.241875,-6.6564736
PASD/ava_images___751927.npy.gz,0.826,0.2557740807533264,0.0455020070075988,0.0626031458377838,0.925124951941561,70.64319610595703,0.6998867392539978,1.174411416053772,76.02941131591797,28.79361915588379,0.8845829867807583,0.2485794126987457,0.1423396170139312,1.0588998794555664,0.3691801726818084,-11.630587,-6.180203,-5.6555214,-13.730779,1.1648438,0.9405706,-2.2879398,0.044424474,0.9980994,-0.94385403
PASD/ava_images___773899.npy.gz,0.5316326530612245,0.230971872806549,0.0668838024139404,0.0718599706888198,0.8782201405152225,57.91290283203125,0.6329194903373718,0.4697981476783752,68.8636245727539,26.329177856445312,0.8364528689521541,0.3287535011768341,0.2033542990684509,1.1820086240768433,0.3578496873378753,-0.9527912,-8.806926,-7.060092,-12.962627,-10.473689,-2.306172,1.3100452,2.0400867,-4.532403,1.1965256
PASD/ava_images___827653.npy.gz,0.529245283018868,0.2974770069122314,0.1502578556537628,0.0691547393798828,0.8761682242990654,64.74593353271484,0.6764237880706787,1.3601441383361816,76.67391204833984,21.685401916503903,0.6080799908432141,0.4111709296703338,0.4167871475219726,1.323930025100708,0.2023098021745681,-2.6747904,-12.047974,1.235753,-6.048747,-7.9744706,-1.5512077,2.4669313,1.0361129,-1.7098,0.6548325
PASD/ava_images___842206.npy.gz,0.8352272727272727,0.2819241285324096,0.1599952727556228,0.0636052414774894,1.0,77.61249542236328,0.7441076636314392,1.3359025716781616,77.41241455078125,25.72635269165039,0.7561933677853201,0.4470846951007843,0.3836976289749145,1.2450133562088013,0.3183295428752899,-15.457993,0.9920492,-3.7264385,-7.297239,-3.722786,-1.6670359,-1.5616494,-1.72838,2.5384455,0.649797
PASD/ava_images___846773.npy.gz,0.8423076923076923,0.2985710203647613,0.1551175266504287,0.059904359281063,1.0,68.97177124023438,0.6531275510787964,1.4836792945861816,73.23184967041016,24.133413314819336,0.7432393892884191,0.3730039894580841,0.2795902788639068,0.9737567901611328,0.3558347821235657,-22.176208,-14.809035,-13.867996,-4.227428,-2.4532266,-1.0420862,-5.3773365,-3.837366,2.587075,7.1781206
PASD/ava_images___857447.npy.gz,0.8808510638297872,0.3459376096725464,0.1941823363304138,0.0876919329166412,1.0,71.80631256103516,0.6711936593055725,0.9888285398483276,71.41573333740234,23.109224319458008,0.6403975829324805,0.425559788942337,0.3657049536705017,0.9913062453269958,0.3035043776035309,-20.336267,3.3020182,-5.301115,-19.911098,13.740658,-2.2322445,-4.0191097,-2.554169,2.765886,1.9399525
PASD/ava_images___864250.npy.gz,0.6323529411764706,0.2804754972457886,0.1671957373619079,0.0616148449480533,0.9615384615384616,78.72017669677734,0.7679874897003174,1.587293028831482,78.53792572021484,20.32836532592773,0.6834262145486464,0.3979246616363525,0.3539154231548309,0.8645235300064087,0.2356565445661544,-14.092028,-0.14401817,-8.904421,-9.071487,2.2315838,-2.6744742,-1.5878458,-0.34084454,1.2909491,0.124226876
PASD/ava_images___865616.npy.gz,0.739423076923077,0.2674497365951538,0.1471657752990722,0.0735361650586128,0.9254429506486512,77.20670318603516,0.7917409539222717,1.9142320156097408,78.17208099365234,20.498559951782227,0.6302606593937408,0.3981250822544098,0.3933139443397522,0.3372901082038879,0.3725822865962982,20.871595,-14.753138,-11.198789,-20.120522,-16.79521,-1.4804953,1.9123545,-2.5951886,3.1150227,-0.6555834
PASD/ava_images___953752.npy.gz,0.8595744680851064,0.292626291513443,0.1592636108398437,0.0814685672521591,0.9774436090225564,76.45404815673828,0.7421992421150208,0.6699038743972778,78.36278533935547,21.12433624267578,0.6116616504312359,0.4125238955020904,0.4020208120346069,1.0363703966140747,0.2938350737094879,237.79301,-47.651466,-31.756737,-1.6234903,-13.846655,0.9920335,-0.3206638,0.2962448,0.6468581,0.28606504
PASD/blur_dataset___out_of_focus0685.npy.gz,0.7602272727272728,0.2343252301216125,0.1017419695854187,0.0672464668750763,0.8844339622641509,65.53173065185547,0.7200403809547424,1.302631974220276,73.10462188720703,27.175493240356445,0.8276838044178683,0.3412067294120788,0.2156156748533249,0.8568156361579895,0.4532960951328277,-1.9630871,-14.560545,-8.262982,-16.07082,-7.551342,-2.0083728,-0.5843283,2.4868357,-2.595833,-0.19032513
PASD/voc_emotic_ava___EMOTIC__COCO_train2014_000000244530.npy.gz,0.5827272727272728,0.2693628370761871,0.1493251025676727,0.0683369785547256,0.87890625,76.65607452392578,0.7681280374526978,1.6201844215393066,78.71161651611328,25.916961669921875,0.7698958151166665,0.4403672814369201,0.419531762599945,0.6525646448135376,0.5014061331748962,-16.469759,-14.63595,-6.9212875,-10.68548,-0.13262811,-5.6171303,8.356677,-1.0702864,3.3681676,0.08868063
PASD/voc_emotic_ava___EMOTIC__COCO_train2014_000000247190.npy.gz,0.846938775510204,0.295812726020813,0.1807703077793121,0.0852517932653427,0.8782201405152225,76.59748077392578,0.8027728796005249,1.7729086875915527,79.60364532470703,22.303237915039062,0.5880143716329472,0.4370280504226684,0.472806304693222,1.169400334358215,0.3579384982585907,32.731552,108.98723,13.63258,-26.228588,181.50299,0.8285948,-1.4184568,-0.88464403,1.9353325,-1.2595755
PASD/voc_emotic_ava___EMOTIC__COCO_val2014_000000020598.npy.gz,0.65,0.2530347108840942,0.1689934134483337,0.0692975297570228,0.8844339622641509,77.91959381103516,0.786174476146698,2.037290573120117,80.6156234741211,21.381214141845703,0.6398109429620004,0.3966128528118133,0.464076817035675,0.8271162509918213,0.2953468561172485,-13.477582,-3.1710634,-16.130463,-21.518353,18.569614,-5.63058,2.1408405,-3.640511,5.133211,-8.032671
PASD/voc_emotic_ava___JPEGImages__2008_003883.npy.gz,0.2965753424657534,0.2528873085975647,0.1706618070602417,0.0635669007897377,0.9333333333333332,65.37828826904297,0.7153621912002563,2.0088934898376465,75.40950775146484,24.048641204833984,0.672195316941682,0.4489084482192993,0.3624219298362732,1.0170814990997314,0.4106897413730621,1.6857586,-9.078815,-3.7727008,-5.051744,-2.2039988,-3.1431084,2.8144655,-0.24579158,0.38799912,-0.104937695
PASD/voc_emotic_ava___VOC2012__2010_004399.npy.gz,0.6091836734693878,0.2410374879837036,0.1287316679954528,0.0557160153985023,0.9333333333333332,63.34471130371094,0.7209004163742065,0.740612804889679,69.12938690185547,27.19013023376465,0.848342527928655,0.3376672863960266,0.206308051943779,1.918813109397888,0.3251746892929077,-6.331813,25.241894,9.492296,-10.542826,-7.2046137,0.263295,-2.2694995,-0.5849267,2.423725,-0.9889344
PASD/voc_emotic_ava___VOC2012__2012_004043.npy.gz,0.7836538461538461,0.245574951171875,0.1560721695423126,0.0575235970318317,0.933609958506224,77.1390609741211,0.8294246196746826,1.967909932136536,80.95510864257812,22.681957244873047,0.678707068068183,0.3614941835403442,0.3578591048717499,0.7161998748779297,0.4061920344829559,38.748993,217.19296,52.565666,24.518225,-100.598755,-0.8524481,0.7035761,-3.26389,1.9475644,-3.9239206
RealESRGAN/1024x768___4962875195.npy.gz,0.4974358974358974,0.2433623075485229,0.0883452892303466,0.0510316751897335,0.9409586588541666,69.34612274169922,0.6926978230476379,1.2646324634552002,72.36083984375,30.05726623535156,0.919824788696778,0.2420824021100998,0.1428675800561905,0.6047284603118896,0.4945544302463531,-6.692395,-8.523759,-6.0487766,-12.831939,-1.0996213,-0.5997368,1.3888936,1.033033,0.4012918,1.1932936
RealESRGAN/ava_images___101816.npy.gz,0.2142857142857142,0.2740148901939392,0.1369112133979797,0.0632716342806816,0.8445945945945946,64.6696548461914,0.7194472551345825,1.3591872453689575,76.62329864501953,21.750682830810547,0.6933433061052257,0.3932404518127441,0.3279753029346466,0.4823976457118988,0.3787055611610412,-9.521101,3.3308086,-9.360916,-12.088543,12.526523,1.5322392,-1.5544815,-0.86668575,1.0786281,-1.5129632
RealESRGAN/ava_images___158174.npy.gz,0.5408163265306122,0.2442158460617065,0.0586737990379333,0.0561300180852413,0.7486979166666666,74.85389709472656,0.6987364888191223,1.528361678123474,75.27851867675781,28.882068634033203,0.946311950532116,0.1491348594427108,0.0994588136672973,0.3936196565628052,0.5920551419258118,-13.800307,-13.618747,-2.9185233,-10.260237,-74.08703,-4.385617,0.83151436,5.087784,-4.7523565,-1.1393129
RealESRGAN/ava_images___18037.npy.gz,0.485,0.177781879901886,0.0550312995910644,0.038598395884037,0.87890625,50.72285842895508,0.5963743329048157,1.0853140354156494,73.01343536376953,31.45829963684082,0.9457444031165804,0.2352578341960907,0.149524986743927,0.4336508512496948,0.5653974413871765,-14.525909,-12.195662,-10.434863,-9.328456,1.1786431,9.449142,2.4944715,4.401288,3.140308,-0.21490808
RealESRGAN/ava_images___217590.npy.gz,0.4390243902439025,0.1349220871925354,0.0292669534683227,0.030749375000596,0.9300595238095238,57.93258666992188,0.6745308041572571,0.9765020608901978,73.6007080078125,35.332481384277344,0.9638135994650624,0.2447444796562194,0.1060532629489898,0.7697456479072571,0.5164870619773865,-11.286637,-11.555196,-10.781264,-9.792264,0.89094293,4.3137355,0.6488464,2.0387354,2.0883644,-0.18308158
RealESRGAN/ava_images___251530.npy.gz,0.246938775510204,0.2710167169570923,0.1972621083259582,0.0720797702670097,0.8761682242990654,48.40248107910156,0.528569757938385,0.4660998880863189,68.35846710205078,20.26340103149414,0.5371876066866493,0.5029235482215881,0.392576664686203,0.070354126393795,0.2792536914348602,-14.094394,-11.324331,-10.174848,-9.595069,-1.2824941,8.154414,2.7983813,-8.152114,-5.9196525,-0.14224313
RealESRGAN/ava_images___253900.npy.gz,0.29375,0.2009236812591552,0.0830155909061431,0.0483434572815895,0.9181356837606838,46.47599411010742,0.6366603970527649,0.121610090136528,68.92804718017578,28.57682037353516,0.8889698114058667,0.2249277234077453,0.1157765537500381,0.2188224345445633,0.3824466168880462,-0.5396919,-13.626063,-5.6635785,-5.9282684,-2.8001812,0.6094954,7.555235,1.3189033,-1.5889254,3.893027
RealESRGAN/ava_images___273810.npy.gz,0.3769230769230769,0.1849982738494873,0.0545149445533752,0.0464856475591659,0.8835565476190477,57.111419677734375,0.7149615287780762,1.552562236785889,75.02339172363281,31.32036590576172,0.9541197138031764,0.1689991652965545,0.1178938150405883,0.6185849905014038,0.5213231444358826,-27.054478,-1.7973385,16.881126,-15.698292,-21.604797,-2.658764,-3.2299109,4.44525,-3.2803543,-1.8063608
RealESRGAN/ava_images___295451.npy.gz,0.2948979591836734,0.2119977474212646,0.0745107531547546,0.0534178279340267,0.8761682242990654,48.19565582275391,0.6265466809272766,0.2457147538661956,64.31253814697266,26.24542617797852,0.8952323321881609,0.2282610833644867,0.1058749184012413,-0.2040530145168304,0.4196735322475433,-17.664125,-10.558408,-3.9192595,-8.889544,-3.685471,-2.357233,-1.8202668,2.4820628,-2.8392694,0.1770673
RealESRGAN/ava_images___308473.npy.gz,0.2776595744680851,0.1948866546154022,0.0839412212371826,0.0553581193089485,0.8761682242990654,48.89326477050781,0.5729949474334717,-0.3161198794841766,64.8392562866211,27.10521697998047,0.8798312746081092,0.2323977947235107,0.1303621232509613,0.0661564320325851,0.3705663383007049,-6.5340195,-12.467006,-9.828663,-9.940046,-3.7689164,-1.5710646,5.99162,0.065562755,-0.7373523,4.6413627
RealESRGAN/ava_images___321917.npy.gz,0.385,0.3007095158100128,0.1992483735084533,0.0854592695832252,0.8680555555555556,61.96450805664063,0.6399683952331543,1.0727578401565552,70.00098419189453,19.230548858642575,0.5794404944968707,0.451789379119873,0.5088404417037964,0.4535135328769684,0.2898747026920318,-3.51729,-14.955001,-12.271761,-6.8370104,0.84996283,2.8344607,-0.36029398,-2.7576451,-0.9268444,3.7407758
RealESRGAN/ava_images___360165.npy.gz,0.246938775510204,0.2366358935832977,0.0768030881881713,0.0591290891170501,0.875221108490566,66.11619567871094,0.6680896878242493,0.5494277477264404,76.33177185058594,23.66783142089844,0.8694165322321314,0.1901841461658477,0.1576409190893173,-0.1898492574691772,0.4550972580909729,6.3280277,-57.384098,184.95218,37.462303,15.294794,0.3498602,-1.479723,1.0287937,0.6483694,-0.111140974
RealESRGAN/ava_images___426629.npy.gz,0.1723529411764706,0.2857290506362915,0.1420789659023285,0.077936016023159,0.9014423076923076,56.49968719482422,0.6200907826423645,0.9257052540779114,73.08203887939453,24.826833724975582,0.79631192568381,0.3355177044868469,0.2837640643119812,0.2466721534729004,0.3620654046535492,-13.56893,-4.9910083,-7.3103323,-9.631987,0.71575177,3.8407278,2.308393,-1.9223659,-1.2210891,-0.004682759
RealESRGAN/ava_images___436880.npy.gz,0.2009999999999999,0.2287255823612213,0.1364976167678833,0.0523027218878269,0.9191176470588236,60.42007446289063,0.6259754300117493,0.955942153930664,71.87574005126953,22.1007137298584,0.7519145118599347,0.3146184980869293,0.2864831089973449,-0.1556125432252884,0.3258842527866363,-4.229808,0.87576675,-11.051021,-15.144406,-4.50977,-3.0006757,4.29333,-1.1248215,-0.25550693,0.3172878
RealESRGAN/ava_images___46021.npy.gz,0.3399999999999999,0.1903251409530639,0.0631012320518493,0.036999374628067,0.893802966101695,61.07803726196289,0.6662020683288574,1.2644468545913696,75.4897232055664,27.117673873901367,0.9402291735079116,0.177501231431961,0.0837246477603912,0.2100449353456497,0.5194520950317383,-12.58613,-12.172918,-6.8139,3.6785784,-3.212626,-1.2179023,-1.4577637,0.5846861,-1.3015037,1.9095708
RealESRGAN/ava_images___472713.npy.gz,0.3298076923076923,0.1426318883895874,0.0829659402370452,0.0385483242571353,0.8862920168067226,59.61985778808594,0.7013136744499207,0.8896588683128357,77.38326263427734,27.68724632263184,0.8977691112762082,0.2363475263118744,0.1500085294246673,0.8206507563591003,0.4167968332767486,-4.5691414,-4.139751,1.799551,5.0833178,-2.7101617,-0.7974688,-1.9188384,1.4688792,0.6100943,-1.1731125
RealESRGAN/ava_images___501777.npy.gz,0.157,0.2116065025329589,0.0894526243209838,0.045623030513525,0.92738309352518,47.55785751342773,0.6803224086761475,-0.05555235221982,64.9876937866211,28.07070541381836,0.9188566788056984,0.2606773674488067,0.1578880846500396,0.3623711168766022,0.442901462316513,-10.25319,-9.306509,-5.209148,-11.579553,-0.05119869,-2.3878818,1.4780123,0.1985911,-0.4020484,-0.40000114
RealESRGAN/ava_images___564572.npy.gz,0.4052631578947368,0.1956000328063964,0.0611986517906188,0.0508040376007556,0.9283371913580248,66.81776428222656,0.6628726124763489,0.9968682527542114,76.18338775634766,28.3211612701416,0.8929008148887926,0.1767791807651519,0.0754144713282585,0.1409981995820999,0.3883340060710907,-17.331553,-14.604678,-9.393408,3.8936691,-2.4034104,1.0206656,-2.4197266,0.14103529,0.3339706,-0.1035356
RealESRGAN/ava_images___588008.npy.gz,0.4611111111111111,0.1241281330585479,0.0210945010185241,0.033338513225317,0.8544921875,58.02132415771485,0.6602344512939453,0.8449462652206421,73.98350524902344,31.40907096862793,0.9616136070009644,0.1554907411336898,0.1589026600122451,0.810567319393158,0.5467339754104614,-13.728622,-11.312187,-11.010704,-5.18079,1.0272505,9.295824,2.4144764,7.0867243,4.807841,-0.92248976
RealESRGAN/ava_images___645845.npy.gz,0.1521739130434782,0.2440564632415771,0.0718620121479034,0.0580797865986824,0.850554435483871,57.896392822265625,0.6992805600166321,0.8663120865821838,75.9219741821289,27.7689208984375,0.862547080426783,0.2604959011077881,0.1477028727531433,0.6145349740982056,0.4287581145763397,4.8337994,-1.3258438,-2.7137127,-8.889337,-12.06239,1.3921127,-0.39119744,-0.38862827,1.501776,-0.6774559
RealESRGAN/ava_images___699615.npy.gz,0.3020408163265305,0.1910634636878967,0.0756193101406097,0.0542351119220256,0.8280194502678779,68.17208862304688,0.6975307464599609,1.339465856552124,74.17119598388672,27.08252716064453,0.916298860717836,0.1677463352680206,0.1069892421364784,0.4869620501995086,0.5332233905792236,-11.3062935,-4.4138746,-58.384224,204.705,20.087696,-0.1009258,-3.6274884,0.1700862,0.4053155,2.5781944
RealESRGAN/ava_images___710191.npy.gz,0.5072916666666667,0.2493312358856201,0.046076476573944,0.0702651962637901,0.8644979508196722,59.14151763916016,0.7423301935195923,0.8877266645431519,74.6727523803711,33.0126953125,0.917143455360612,0.1484842300415039,0.0516250133514404,0.454081654548645,0.4331064224243164,-15.3491955,-7.818287,1.7757874,-11.178877,-7.815953,-3.3891354,-0.6976576,1.6215765,-2.881032,-0.6101862
RealESRGAN/ava_images___737450.npy.gz,0.4862745098039215,0.1400947570800781,0.0482663214206695,0.034506969153881,0.8844339622641509,59.79872894287109,0.6317493319511414,0.7907713055610657,80.91851043701172,26.59502410888672,0.9291579743854956,0.1849468350410461,0.081524908542633,1.0067238807678225,0.4555585086345672,-19.86014,-7.275768,-7.7416544,24.798304,-2.16646,0.66454256,-2.0655446,0.70751214,0.92299867,-0.2055437
RealESRGAN/ava_images___74410.npy.gz,0.3434782608695652,0.2624112069606781,0.1526541113853454,0.0652781650424003,0.8644979508196722,60.33082580566406,0.6479092836380005,0.7992263436317444,72.3189926147461,27.456863403320312,0.7294594021677193,0.3571897149085998,0.2596198320388794,1.1032568216323853,0.3904508650302887,-13.268534,-10.274042,-5.264419,-9.780886,0.59768236,2.9802203,-1.8070378,-1.8345482,-5.4356127,-6.0641804
RealESRGAN/ava_images___751927.npy.gz,0.5519999999999999,0.1606113016605377,0.0516180694103241,0.0422266498208045,0.9283371913580248,57.319122314453125,0.6156927347183228,0.4139711856842041,72.94820404052734,29.41988182067871,0.9084151541746006,0.2408172488212585,0.112244963645935,0.921030819416046,0.3491035401821136,-9.904504,-6.9955053,-6.781699,-11.222002,-0.72000253,0.8582149,-2.508499,0.116951615,0.9029158,-1.1615535
RealESRGAN/ava_images___773899.npy.gz,0.3397959183673469,0.2345433831214904,0.0683581531047821,0.0656704828143119,0.8761682242990654,52.924930572509766,0.6438538432121277,0.5385969281196594,68.99761962890625,28.8186149597168,0.897980420165095,0.2178308069705963,0.1402257680892944,-0.1972979456186294,0.4219392836093902,-6.736806,-8.825935,-4.844773,-11.674789,-9.20831,-3.2029047,1.3570724,2.3779767,-4.1593523,1.0979279
RealESRGAN/ava_images___827653.npy.gz,0.185576923076923,0.2576550245285034,0.0846317410469055,0.0514903552830219,0.8761682242990654,49.038177490234375,0.5298355221748352,-0.1544453054666519,72.90087127685547,25.32256126403809,0.8458120189787516,0.2490458786487579,0.1371731013059616,0.7927260994911194,0.3772007822990417,-0.253232,-11.596286,-2.3577619,-7.426015,-8.883336,-1.7971002,2.516017,0.6254778,-1.8000722,1.3896745
RealESRGAN/ava_images___842206.npy.gz,0.7855555555555556,0.2604034543037414,0.096115693449974,0.0465589798986911,1.0,73.34886932373047,0.7045050859451294,1.2783384323120115,74.8367691040039,29.534482955932617,0.8770117836704467,0.2978717088699341,0.158070683479309,0.7522767186164856,0.443019300699234,-15.442838,-1.0369568,-3.0586085,-4.4534135,-4.4613776,-1.84087,-1.9733424,-1.4522829,2.256638,0.47647464
RealESRGAN/ava_images___846773.npy.gz,0.7,0.2505921423435211,0.1163093596696853,0.0604327581822872,1.0,62.68272399902344,0.6504561901092529,1.2333513498306274,73.16508483886719,24.957847595214844,0.8022706150272888,0.2758411169052124,0.1598415672779083,0.817030668258667,0.328134685754776,-22.101538,-12.630278,-11.22234,-3.4560351,-2.748883,-1.0969359,-5.5887403,-3.3493161,2.5304992,6.624635
RealESRGAN/ava_images___857447.npy.gz,0.5414893617021277,0.2805266678333282,0.1487643122673034,0.0725322440266609,0.9973404255319148,58.382598876953125,0.6186938285827637,0.8119843006134033,70.46248626708984,25.3820915222168,0.7296315745859161,0.3245033919811249,0.2202458530664444,1.3989081382751465,0.3225491940975189,-22.105255,-6.5390034,-7.2779074,-17.69685,7.1151614,-2.5731921,-4.2235036,-2.6694295,2.5823467,2.5050411
RealESRGAN/ava_images___864250.npy.gz,0.2872549019607843,0.2352072596549987,0.1073405742645263,0.0432009845972061,0.9615384615384616,62.03196716308594,0.6268410086631775,0.7099446654319763,77.30866241455078,23.608522415161133,0.8620206435240788,0.2517655491828918,0.1294002681970596,0.5331906080245972,0.3858774602413177,-12.909215,-0.8708992,-9.0103,-6.3764515,1.7190436,-2.8243794,-1.5982505,-0.13746509,1.026109,-0.04548291
RealESRGAN/ava_images___865616.npy.gz,0.2586538461538462,0.2606026828289032,0.1227303743362426,0.0639526695013046,0.9283371913580248,74.69338989257812,0.7094221115112305,1.000080943107605,76.60674285888672,23.104494094848636,0.7617195319113688,0.2936812937259674,0.2421383559703827,-0.3042253255844116,0.3767077922821045,19.443731,-12.665886,-9.659746,-20.230356,-19.240225,-1.1426426,2.0005786,-2.346418,2.8107483,-0.61322397
RealESRGAN/ava_images___953752.npy.gz,0.4447916666666667,0.2720331847667694,0.1134079694747924,0.0602400414645671,0.9789156626506024,67.16242218017578,0.6784088611602783,0.7997101545333862,76.59576416015625,25.10967254638672,0.8291551302112703,0.2699953317642212,0.1727101802825927,0.7373390793800354,0.4266068041324615,233.65875,-48.55799,-29.922094,-1.1458783,-15.021181,0.86853886,0.056580305,0.22113326,0.5110919,0.33908144
RealESRGAN/blur_dataset___out_of_focus0685.npy.gz,0.4647727272727272,0.1808041334152221,0.079253613948822,0.0407869257032871,0.8844339622641509,53.90392303466797,0.6769896149635315,0.6362382769584656,71.44733428955078,30.190406799316406,0.9328698907667372,0.2744288444519043,0.0900793299078941,0.3432653844356537,0.5002850890159607,0.28974724,-13.413286,-5.8017917,-14.228416,-6.9871826,-2.6304483,-0.5016116,2.99721,-3.0860612,-0.24858229
RealESRGAN/voc_emotic_ava___EMOTIC__COCO_train2014_000000244530.npy.gz,0.0777777777777777,0.2722544968128204,0.1081952452659607,0.0544022507965564,0.87890625,67.87335968017578,0.7157492637634277,1.179129719734192,78.88945770263672,27.891193389892575,0.8874776223343254,0.2964393198490143,0.23564513027668,0.1997710168361663,0.5302058458328247,-15.311356,-10.907849,-5.1280093,-8.032882,-0.19203399,-4.7653255,7.156452,-0.14877012,2.9511693,0.43432808
RealESRGAN/voc_emotic_ava___EMOTIC__COCO_train2014_000000247190.npy.gz,0.2816326530612245,0.2153981328010559,0.1390520930290222,0.0587257221341133,0.8761682242990654,66.57258605957031,0.7150997519493103,1.2292646169662476,76.77294158935547,26.219690322875977,0.7993441215328603,0.31044602394104,0.247877687215805,0.5555194616317749,0.4262212812900543,25.58806,89.31468,3.8459196,-25.130527,156.81294,0.94465166,-1.2243584,-0.96360755,2.000851,-1.3469905
RealESRGAN/voc_emotic_ava___EMOTIC__COCO_val2014_000000020598.npy.gz,0.246078431372549,0.2179248034954071,0.1202824711799621,0.0514702126383781,0.8844339622641509,70.91143798828125,0.712738037109375,1.5909910202026367,79.40823364257812,24.14117431640625,0.8296660726044939,0.2860516309738159,0.2531923651695251,0.3514922559261322,0.4488359093666076,-18.267517,-4.272656,-15.37673,-15.400454,14.174938,-5.338917,2.4064155,-2.688456,4.1001577,-6.904326
RealESRGAN/voc_emotic_ava___JPEGImages__2008_003883.npy.gz,0.0793506493506493,0.2476969957351684,0.1267261505126953,0.0544645152986049,0.9308510638297872,61.96024703979492,0.6895540952682495,0.8378081321716309,74.47743225097656,24.45543098449707,0.7776504966684378,0.3615086674690246,0.2756841480731964,0.7705382704734802,0.3861328661441803,3.7938023,-8.526156,-6.8240943,-6.1307716,-2.3230023,-3.4792218,3.6974392,-0.89399624,-0.14575005,-0.2014169
RealESRGAN/voc_emotic_ava___VOC2012__2010_004399.npy.gz,0.1918367346938775,0.2737640142440796,0.1088250279426574,0.0609155632555484,0.9308510638297872,58.536399841308594,0.6884320378303528,0.6135622262954712,73.86681365966797,23.97753524780273,0.8154492229409048,0.3114343881607055,0.214000716805458,0.2775412201881408,0.3714887797832489,-2.8988428,37.15443,7.313944,-7.0632195,-8.759023,-0.22998166,-2.215692,-0.6839533,2.5245564,-2.07954
RealESRGAN/voc_emotic_ava___VOC2012__2012_004043.npy.gz,0.2778846153846154,0.2311662435531616,0.1258474290370941,0.0455435626208782,0.9375,67.49639892578125,0.7274851202964783,1.2386415004730225,79.06842803955078,24.631725311279297,0.7908148863060122,0.2694742679595947,0.2177890241146087,0.2272025346755981,0.4245261251926422,27.737177,175.09146,40.653816,21.250494,-86.33096,-1.2601522,0.9140904,-3.221932,2.3437479,-4.119184
SUPIR/1024x768___4962875195.npy.gz,0.8254716981132075,0.2787966430187225,0.1044848263263702,0.0537337586283683,0.95367431640625,73.00465393066406,0.6900818347930908,1.4953241348266602,70.6972885131836,28.168834686279297,0.791108019270015,0.3717291951179504,0.3349358737468719,1.077033758163452,0.3324034810066223,-7.096286,-7.842218,-7.5487223,-13.906472,0.4592382,-0.610427,1.2978559,0.6999029,0.48649144,1.2147163
SUPIR/ava_images___101816.npy.gz,0.5989795918367347,0.2776971161365509,0.1858482956886291,0.0782949477434158,0.8465011286681715,76.07307434082031,0.7510104775428772,1.490597128868103,76.706787109375,19.822059631347656,0.4848191706514581,0.538467526435852,0.5534339547157288,1.0254900455474854,0.2861852645874023,0.7838974,25.534046,-8.049389,-13.926273,25.070194,1.4292893,-1.86005,-0.65152514,1.3360677,-1.2569497
SUPIR/ava_images___158174.npy.gz,0.309375,0.2048277854919433,0.0776836276054382,0.0595433302223682,0.87890625,60.45060729980469,0.636318027973175,0.8104816675186157,70.64904022216797,29.73045539855957,0.8962446143806402,0.2602315247058868,0.2145288288593292,1.0857795476913452,0.5025507807731628,-16.213541,-13.174564,-5.0872726,-13.281521,-65.405136,-4.1623535,0.20480585,5.7460766,-5.2571187,-1.4273194
SUPIR/ava_images___18037.npy.gz,0.6990384615384615,0.2307824194431305,0.0751725733280181,0.0499917343258857,0.87890625,53.01918411254883,0.5826648473739624,0.6199800372123718,74.06381225585938,29.755786895751957,0.8946086662473476,0.3490159213542938,0.271570473909378,0.902516543865204,0.4377975463867187,-13.888563,-12.307801,-10.73493,-9.3625765,1.2646486,8.77282,1.9972744,3.569182,2.6561234,0.15096626
SUPIR/ava_images___217590.npy.gz,0.576829268292683,0.235156774520874,0.0457516014575958,0.0410236418247222,0.9263833992094862,54.072662353515625,0.6649413704872131,0.8998472094535828,72.36353302001953,37.36105346679688,0.9548693848591718,0.3029554784297943,0.1335500329732895,1.1153879165649414,0.4625711441040039,-12.030346,-11.698678,-10.520161,-9.55821,1.1774824,4.252866,0.61744165,1.9225335,2.007368,-0.12302185
SUPIR/ava_images___251530.npy.gz,0.3895833333333333,0.2867190241813659,0.2158781290054321,0.0769044309854507,0.8782201405152225,57.84565734863281,0.6133904457092285,1.3034892082214355,71.91778564453125,18.634716033935547,0.4420296931087947,0.606332540512085,0.5965160727500916,0.5539458990097046,0.2504741847515106,-13.268176,-11.512205,-10.489607,-9.411104,-0.79796845,8.656209,2.4972754,-9.28933,-7.4203353,-0.48248014
SUPIR/ava_images___253900.npy.gz,0.243,0.2757007479667663,0.1185578107833862,0.068333476781845,0.9174792911817132,51.28261947631836,0.6231823563575745,0.5795633792877197,69.19364929199219,27.394495010375977,0.7903512352697057,0.3472809195518493,0.2348556816577911,0.9730966091156006,0.3185594379901886,-1.2045441,-14.745251,-7.099731,-5.9233117,-0.81627554,1.2409562,7.4042587,0.5178341,-1.7786353,3.7913108
SUPIR/ava_images___273810.npy.gz,0.3894230769230769,0.2310323715209961,0.0846754610538482,0.0524458549916744,1.0,65.57292938232422,0.7007074356079102,1.5095365047454834,73.29762268066406,32.221923828125,0.9306790020597242,0.2823290228843689,0.1876363009214401,1.7630934715270996,0.4105052947998047,-29.249372,0.32868195,14.898333,-15.5545635,-21.898481,-2.6506095,-3.4928815,4.549531,-3.309232,-1.8846443
SUPIR/ava_images___295451.npy.gz,0.5387755102040817,0.2221386134624481,0.062399685382843,0.0577382855117321,0.8782201405152225,55.31600570678711,0.5338263511657715,0.2845321595668793,66.1352767944336,27.35051727294922,0.8609598208307213,0.3420867025852203,0.2179178446531295,2.1499388217926025,0.3721385896205902,-17.141594,-9.995906,-4.1862636,-9.279484,-2.206941,-0.90772736,-1.9550467,1.6499822,-1.3028092,0.2799112
SUPIR/ava_images___308473.npy.gz,0.4180851063829787,0.2341284751892089,0.1360124349594116,0.0679993480443954,0.8782201405152225,54.924503326416016,0.5778337121009827,-0.0507313087582588,65.05335235595703,26.53618049621582,0.7471980589218628,0.3957347869873047,0.2557640969753265,0.748445987701416,0.2901908755302429,-4.340107,-13.526796,-9.683844,-11.254534,-5.1328983,-2.2572422,7.0653543,-0.40398458,-1.6187787,4.691453
SUPIR/ava_images___321917.npy.gz,0.6816326530612244,0.3305630087852478,0.2397206425666809,0.0991131365299224,0.8680555555555556,62.881229400634766,0.6389123797416687,0.8966883420944214,67.2071762084961,16.850631713867188,0.3767835889390439,0.5598989725112915,0.5612836480140686,0.5153486728668213,0.2206004709005355,-5.218709,-15.412752,-13.162173,-7.8172307,0.7039199,2.8005805,-1.2579715,-2.7908528,-0.38708526,3.902275
SUPIR/ava_images___360165.npy.gz,0.496938775510204,0.2474333047866821,0.1267204284667968,0.0598219037055969,0.8802816901408451,71.97814178466797,0.658665657043457,0.7421236634254456,75.55880737304688,23.376131057739254,0.7627959915195591,0.3539438247680664,0.3815009593963623,0.913962721824646,0.3710073232650757,11.69138,-62.011684,204.0894,40.84887,19.149212,0.7020841,-1.8599386,0.5245558,0.82808816,-0.21208239
SUPIR/ava_images___426629.npy.gz,0.4519999999999999,0.2819936573505401,0.1959677338600158,0.0887407287955284,0.9014423076923076,63.92670440673828,0.6016603708267212,-0.3662654161453247,71.54533386230469,21.52746963500977,0.6385307310433959,0.4659121632575989,0.4973106980323791,1.3354852199554443,0.2483088076114654,-13.306703,-6.8226957,-7.7653913,-9.444861,0.33957168,3.4574904,1.641115,-2.1916144,-1.479414,-0.2503215
SUPIR/ava_images___436880.npy.gz,0.3432692307692307,0.2743673324584961,0.1808532476425171,0.0621324852108955,0.9191176470588236,61.921016693115234,0.6183062791824341,0.3329228460788727,69.69795227050781,19.832677841186523,0.5952908683720257,0.4388195872306824,0.4974706768989563,1.0763237476348877,0.2234025448560714,-8.845198,-1.304656,-11.330932,-18.879154,-2.2743864,-2.5264888,2.995645,-1.4146495,-0.6278767,-1.2288193
SUPIR/ava_images___46021.npy.gz,0.302,0.1688050627708435,0.0579124689102172,0.0336515866219997,0.893802966101695,52.44561767578125,0.5941053628921509,0.6453245282173157,72.55613708496094,26.685869216918945,0.8731610897105838,0.3321743011474609,0.1285687685012817,2.0309157371521,0.4317390620708465,-13.262516,-12.972726,-6.9310446,1.8690042,-3.181894,-1.0737687,-2.1390855,0.5818575,-1.633673,2.2886918
SUPIR/ava_images___472713.npy.gz,0.6653846153846155,0.2403523325920105,0.1338511705398559,0.059891227632761,0.8881578947368421,75.62897491455078,0.7305882573127747,1.6407198905944824,78.05855560302734,26.076642990112305,0.7746450652426283,0.3970972001552582,0.3171855807304382,0.9415428042411804,0.3086214065551758,-7.930728,-2.9713526,1.2791004,6.0760145,-2.5284135,-1.0444375,-2.0711398,1.4965702,0.120499015,-0.82260203
SUPIR/ava_images___501777.npy.gz,0.202,0.2285955548286438,0.1318599581718444,0.0474741943180561,0.92738309352518,38.52221298217773,0.513078510761261,-0.6427454352378845,61.54069519042969,28.42428970336914,0.7269295096506866,0.5201820731163025,0.4111474752426147,1.5029505491256714,0.2813026010990143,-13.1610775,-10.106038,-6.1577153,-12.643948,-2.0656643,-2.588871,0.3426087,0.6386502,-1.523005,-0.34010842
SUPIR/ava_images___564572.npy.gz,0.2859649122807017,0.2226146459579467,0.0965739488601684,0.0538787357509136,0.9283371913580248,72.94390106201172,0.6203175783157349,0.6933586597442627,77.67082214355469,25.93912124633789,0.813181858043867,0.3674473762512207,0.219273567199707,0.8099442720413208,0.284035712480545,-17.900135,-14.404182,-12.140533,4.4821806,-1.9180152,1.5424441,-2.759842,-0.011531353,0.030137122,0.6066161
SUPIR/ava_images___588008.npy.gz,0.3879629629629629,0.1177356839179992,0.070594310760498,0.0316442996263504,0.8567232375979112,44.606590270996094,0.497454434633255,0.8535595536231995,69.9013442993164,31.05422019958496,0.869543957185281,0.4115972518920898,0.4069868922233581,0.9861132502555848,0.450369656085968,-15.260481,-12.858619,-10.406765,-7.6067786,-0.24518952,9.043063,2.2172887,6.744409,4.689884,-1.0080777
SUPIR/ava_images___645845.npy.gz,0.3608695652173913,0.2774253487586975,0.105458915233612,0.070456251502037,0.8471385542168675,64.96910095214844,0.7398642897605896,0.7031264901161194,74.48250579833984,25.74767303466797,0.8284919765013374,0.3079526722431183,0.2083260416984558,0.9917301535606384,0.4040834605693817,1.2984924,-4.291123,-4.962534,-9.335298,-10.691232,1.220113,-0.43508947,-0.4333441,1.2248272,-0.9113811
SUPIR/ava_images___699615.npy.gz,0.384375,0.2016800045967102,0.0910766720771789,0.0621287785470485,0.8735150244584207,72.21945190429688,0.711109459400177,1.416493535041809,74.39308166503906,25.33976554870605,0.8284958141324591,0.2752914726734161,0.2423325031995773,1.0909024477005005,0.4310444891452789,-13.478998,-2.7915745,-56.42961,194.56221,20.501263,0.14501655,-3.6517124,-0.079826266,0.8453655,2.5441563
SUPIR/ava_images___710191.npy.gz,0.3697916666666666,0.2624545097351074,0.0913238525390625,0.0771392360329628,0.860969387755102,63.01607894897461,0.6990321278572083,0.9863020181655884,72.0547866821289,28.697633743286133,0.82239899404697,0.3325713276863098,0.1872980147600174,1.361169695854187,0.3609824478626251,-15.85206,-6.3407454,0.30685425,-13.629477,-9.892957,-2.6263537,-1.1417521,1.7665919,-3.164214,-0.22786985
SUPIR/ava_images___737450.npy.gz,0.548,0.1859706044197082,0.0481966137886047,0.0453136079013347,0.8823529411764706,66.1771011352539,0.6393153071403503,0.8322978615760803,79.56807708740234,26.878868103027344,0.879104175031931,0.2372249960899353,0.1455973982810974,1.2490981817245483,0.4200965464115143,-22.920166,-5.707429,-9.974698,21.842793,-1.9365963,0.787043,-2.138746,0.7179272,0.9698112,-0.13912918
SUPIR/ava_images___74410.npy.gz,0.558695652173913,0.3031530380249023,0.2195537090301513,0.0819508209824562,0.860969387755102,64.25403594970703,0.6615935564041138,1.6430063247680664,75.24887084960938,24.156612396240234,0.5498227130462604,0.5383926630020142,0.5590910315513611,1.2877696752548218,0.3087223172187805,-13.020606,-10.684522,-6.0285892,-9.156525,0.62282383,4.1402354,-1.7832037,-0.98567855,-5.5215554,-6.3836613
SUPIR/ava_images___751927.npy.gz,0.805,0.2962494194507599,0.0657605528831482,0.0664708912372589,0.925124951941561,72.79622650146484,0.6624162197113037,1.2587810754776,75.48268127441406,27.662750244140625,0.83328603274665,0.3175400495529175,0.1954954862594604,0.8665029406547546,0.3294776380062103,-11.731592,-6.586901,-4.9360614,-14.146322,1.3781602,0.97896206,-2.3536286,0.14264664,1.0794468,-0.79314643
SUPIR/ava_images___773899.npy.gz,0.421,0.2525088191032409,0.0900232195854187,0.0547857545316219,0.8782201405152225,42.78023147583008,0.4979103207588196,-0.4919426143169403,64.03885650634766,29.88127899169922,0.8329158786567528,0.3648815155029297,0.2262507826089859,1.7554900646209717,0.3957028090953827,-5.607703,-11.014611,-7.6979427,-12.268575,-8.979762,-2.4100266,1.576484,2.2784572,-5.0944333,1.1657962
SUPIR/ava_images___827653.npy.gz,0.2086538461538461,0.2799686789512634,0.1294439435005188,0.0638058185577392,0.8761682242990654,35.12261962890625,0.5148242712020874,0.121475413441658,72.41681671142578,23.51017189025879,0.6669180925375001,0.411636471748352,0.3763565421104431,1.3969624042510986,0.3088558614253998,-5.8001213,-12.59263,-0.26448345,-7.491951,-6.110778,-0.6632545,2.0462577,0.5795103,-1.0495465,1.2209705
SUPIR/ava_images___842206.npy.gz,0.7532608695652174,0.2798178791999817,0.1118813157081604,0.0447918325662612,1.0,76.7055435180664,0.715904951095581,1.321888089179993,76.08045959472656,28.978879928588867,0.8416976845844538,0.3582088947296142,0.2435672283172607,1.3268978595733645,0.3791445195674896,-15.501822,-1.1049299,-4.4609523,-6.401928,-1.547236,-1.5506576,-2.1935508,-1.6595042,2.5017788,0.7519563
SUPIR/ava_images___846773.npy.gz,0.8058823529411765,0.2875956296920776,0.159653902053833,0.0594254471361637,1.0,69.4416275024414,0.6125040650367737,1.2143040895462036,71.49510192871094,26.468551635742188,0.7721841627033437,0.3780435621738434,0.284464418888092,0.9706833958625792,0.3625147342681885,-21.031488,-14.9718075,-13.759644,-4.1195564,-2.6529727,-0.8270047,-5.2964606,-3.5609374,2.3900464,7.149657
SUPIR/ava_images___857447.npy.gz,0.8425531914893616,0.3410800099372864,0.1932635754346847,0.0837350636720657,1.0,71.03668975830078,0.6569516062736511,1.1436549425125122,70.61347961425781,23.47126197814941,0.61507635503409,0.4421660602092743,0.3310500383377075,0.9779986143112184,0.2875319123268127,-20.361904,0.56001854,-6.7015,-17.621433,12.55544,-2.3168726,-3.7965772,-2.3783526,2.5417204,2.0898938
SUPIR/ava_images___864250.npy.gz,0.5882352941176471,0.2655171155929565,0.1516011953353881,0.0520322434604167,0.9615384615384616,78.60079193115234,0.7630676031112671,1.6539777517318726,78.69792175292969,22.117090225219727,0.7355510971966357,0.3984430432319641,0.3384056091308594,0.9641700387001038,0.2616669535636902,-12.848345,0.7700329,-10.16295,-7.931341,1.906516,-2.82378,-1.9754891,-0.5113826,1.5045687,-0.16485174
SUPIR/ava_images___865616.npy.gz,0.698076923076923,0.2846506237983703,0.1403777003288269,0.0727314502000808,0.9254429506486512,75.79951477050781,0.7542063593864441,1.5445261001586914,76.9592056274414,20.932090759277344,0.6203824729644547,0.4089619517326355,0.3357472717761993,0.3725229799747467,0.3408737182617187,17.361078,-15.775919,-12.316254,-19.716679,-18.29732,-1.1876956,1.9750919,-2.393813,2.7968805,-0.6259171
SUPIR/ava_images___953752.npy.gz,0.5659574468085107,0.2601315379142761,0.1409950256347656,0.0686274468898773,0.9774436090225564,75.84296417236328,0.718561053276062,1.3009685277938845,77.29334259033203,23.942577362060547,0.731534278580923,0.3790575861930847,0.3100477159023285,1.1290265321731567,0.354741096496582,233.13245,-48.215015,-31.948288,-0.6215086,-11.247233,0.888099,0.004526615,0.22205922,0.49845034,0.24340251
SUPIR/blur_dataset___out_of_focus0685.npy.gz,0.5674418604651164,0.2250347733497619,0.0950820446014404,0.0478423647582531,0.8844339622641509,55.72828674316406,0.6653892993927002,0.6140491366386414,71.7178726196289,29.191102981567383,0.8588173576207346,0.3911705017089844,0.2394391149282455,1.2032653093338013,0.4120221138000488,-5.8467903,-12.916765,-7.4903765,-13.817099,-5.9747543,-1.8647412,-0.88478816,2.814567,-3.5051148,-0.61564696
SUPIR/voc_emotic_ava___EMOTIC__COCO_train2014_000000244530.npy.gz,0.3283018867924528,0.2861823737621307,0.1530905067920684,0.0679840818047523,0.87890625,72.37548065185547,0.7341906428337097,1.271794319152832,77.73662567138672,27.425291061401367,0.7721663433705539,0.4644958972930908,0.3901412785053253,0.8075997233390808,0.4488572180271148,-16.47406,-13.623359,-9.433526,-9.457277,0.6576388,-5.1430774,7.88004,-0.7997365,3.3778162,0.2709007
SUPIR/voc_emotic_ava___EMOTIC__COCO_train2014_000000247190.npy.gz,0.6927083333333333,0.2771206498146057,0.1777217388153076,0.0792228803038597,0.8782201405152225,74.62039184570312,0.7642425298690796,1.699033260345459,77.57147979736328,23.86733627319336,0.6595243339996839,0.4281210005283355,0.4077992439270019,0.9643797278404236,0.3605390191078186,29.400934,105.48079,5.4981585,-22.934212,180.69684,1.0435405,-1.582964,-0.86361897,1.9445503,-1.3859624
SUPIR/voc_emotic_ava___EMOTIC__COCO_val2014_000000020598.npy.gz,0.5660000000000001,0.2324503064155578,0.1554540693759918,0.061001643538475,0.8844339622641509,76.52576446533203,0.7509534358978271,1.7523674964904783,79.12700653076172,24.230058670043945,0.7577365158254187,0.3765344023704529,0.3714643716812134,0.9656846523284912,0.3421187996864319,-16.128899,-0.80954456,-15.965038,-13.489224,20.557167,-4.9715123,1.863343,-3.199346,4.898565,-7.662617
SUPIR/voc_emotic_ava___JPEGImages__2008_003883.npy.gz,0.3294520547945205,0.2511144578456878,0.1621918082237243,0.0606639422476291,0.9333333333333332,61.711273193359375,0.6888723373413086,0.4931678473949432,73.10134887695312,23.48357963562012,0.6769162449254563,0.4841078519821167,0.4417324066162109,0.9178839921951294,0.318141222000122,-0.6614771,-2.7549343,-4.677019,-4.4694853,-1.2269981,-3.5637784,3.537579,-1.0810691,0.35423183,-0.40957478
SUPIR/voc_emotic_ava___VOC2012__2010_004399.npy.gz,0.4928571428571429,0.2623615860939026,0.1628446578979492,0.062395766377449,0.9333333333333332,66.70561981201172,0.6941882967948914,0.7743240594863892,72.08432006835938,25.57915687561035,0.7950882140040301,0.447913110256195,0.2956306934356689,1.731101632118225,0.2828572988510132,-7.3880396,34.897755,11.30447,-11.876032,-7.0058136,0.3463773,-2.1740127,-0.4790168,2.4374833,-1.0724341
SUPIR/voc_emotic_ava___VOC2012__2012_004043.npy.gz,0.7230769230769231,0.2511031031608581,0.1687455773353576,0.0590055398643016,0.933609958506224,75.87262725830078,0.7810224890708923,1.931471586227417,79.46455383300781,23.16485595703125,0.6342107095415496,0.3918406665325165,0.4462157189846039,0.7140165567398071,0.3165684640407562,37.16265,206.39668,48.814384,22.538322,-95.99045,-0.8752707,0.6280477,-3.548727,2.369889,-3.7164433
