sample_id,sr_method,sr_filename,sr_path,gt_path,lr_path,psnr_gt,ssim_gt,lpips-vgg_gt,stlpips-vgg_gt,pieapp_gt,ahiq_gt,psnr_bicubic,ssim_bicubic,lpips-vgg_bicubic,stlpips-vgg_bicubic,pieapp_bicubic,ahiq_bicubic,psnr_rlfn,ssim_rlfn,lpips-vgg_rlfn,stlpips-vgg_rlfn,pieapp_rlfn,ahiq_rlfn,psnr_span,ssim_span,lpips-vgg_span,stlpips-vgg_span,pieapp_span,ahiq_span
PASD:1024x768___4962875195,PASD,1024x768___4962875195.png,dataset/sr/PASD/1024x768___4962875195.png,dataset/hr/1024x768___4962875195.png,dataset/lr/1024x768___4962875195.png,25.45161247253418,0.7163192818520737,0.2924575209617615,0.25312402844429016,0.5732151865959167,0.43801698088645935,25.67243766784668,0.742878332501175,0.41661515831947327,0.45740118622779846,0.3653355538845062,0.36209636926651,25.632932662963867,0.7400796833834462,0.39718273282051086,0.4110010266304016,0.4924788177013397,0.3471120297908783,25.524658203125,0.7454047546392993,0.41675612330436707,0.4246240258216858,0.5084027051925659,0.350024551153183
PASD:ava_images___101816,PASD,ava_images___101816.png,dataset/sr/PASD/ava_images___101816.png,dataset/hr/ava_images___101816.png,dataset/lr/ava_images___101816.png,16.504987716674805,0.3770919891706646,0.40927037596702576,0.2833261787891388,1.1459968090057373,0.4152832627296448,19.541114807128906,0.5512694157929414,0.48272132873535156,0.5386009216308594,0.47554269433021545,0.4285047948360443,19.10248565673828,0.5021292227441024,0.4863942563533783,0.5284298062324524,1.1939325332641602,0.3891725540161133,19.17205047607422,0.5247290519897015,0.4837486147880554,0.5013969540596008,0.8712565898895264,0.3838013708591461
PASD:ava_images___158174,PASD,ava_images___158174.png,dataset/sr/PASD/ava_images___158174.png,dataset/hr/ava_images___158174.png,dataset/lr/ava_images___158174.png,27.837188720703125,0.905474294494065,0.2070191204547882,0.21426057815551758,0.45843878388404846,0.5102466940879822,27.265235900878906,0.9026130676193391,0.21520957350730896,0.19690881669521332,0.1694585084915161,0.5866643786430359,27.253665924072266,0.9063777954962232,0.1813572645187378,0.17712827026844025,0.637999951839447,0.5660175681114197,26.989660263061523,0.903551381694759,0.19681531190872192,0.18477573990821838,0.3752894103527069,0.5533342957496643
PASD:ava_images___18037,PASD,ava_images___18037.png,dataset/sr/PASD/ava_images___18037.png,dataset/hr/ava_images___18037.png,dataset/lr/ava_images___18037.png,29.263248443603516,0.8864030327003812,0.2764776349067688,0.2232777178287506,0.7465016841888428,0.43598461151123047,30.56361961364746,0.9155537056800881,0.2769140303134918,0.25104284286499023,0.7471261620521545,0.45515379309654236,29.85508155822754,0.9068322037979774,0.2691041827201843,0.24201466143131256,0.7543259263038635,0.4253503978252411,29.81479263305664,0.9119605581103013,0.2509956359863281,0.2364484667778015,0.994295060634613,0.4419213831424713
PASD:ava_images___217590,PASD,ava_images___217590.png,dataset/sr/PASD/ava_images___217590.png,dataset/hr/ava_images___217590.png,dataset/lr/ava_images___217590.png,34.44649124145508,0.9306043221206592,0.20115172863006592,0.08570099622011185,0.5537672638893127,0.5508601069450378,38.55027770996094,0.9624196921142939,0.231661856174469,0.12131751328706741,0.5719231963157654,0.5151025056838989,37.87181854248047,0.9557782886341069,0.2830566167831421,0.12042348086833954,1.050178050994873,0.4751737713813782,38.080928802490234,0.9586742269622256,0.24728214740753174,0.11389428377151489,0.7964755296707153,0.4605824947357178
PASD:ava_images___251530,PASD,ava_images___251530.png,dataset/sr/PASD/ava_images___251530.png,dataset/hr/ava_images___251530.png,dataset/lr/ava_images___251530.png,14.759042739868164,0.22536805804417326,0.5080164670944214,0.36102113127708435,1.800498366355896,0.2228960543870926,18.869678497314453,0.46706183090893766,0.6214597225189209,0.48062801361083984,0.597165584564209,0.22697973251342773,19.74260711669922,0.44789867536996053,0.5790329575538635,0.4848003685474396,0.7235764861106873,0.16604982316493988,19.384130477905273,0.45206749521611356,0.5798666477203369,0.46424227952957153,0.9765902757644653,0.16350948810577393
PASD:ava_images___253900,PASD,ava_images___253900.png,dataset/sr/PASD/ava_images___253900.png,dataset/hr/ava_images___253900.png,dataset/lr/ava_images___253900.png,22.73537826538086,0.7160720495255054,0.30925410985946655,0.13519515097141266,0.2857426702976227,0.3186623454093933,26.278560638427734,0.7804519491879939,0.3430655598640442,0.2919563949108124,-0.31867218017578125,0.4060506522655487,25.90140151977539,0.7650323841795046,0.35573798418045044,0.28483179211616516,0.5355178117752075,0.3251679539680481,25.819303512573242,0.7690712055849207,0.3463169038295746,0.27600595355033875,0.23430109024047852,0.3604415953159332
PASD:ava_images___273810,PASD,ava_images___273810.png,dataset/sr/PASD/ava_images___273810.png,dataset/hr/ava_images___273810.png,dataset/lr/ava_images___273810.png,29.58073616027832,0.9111539948888955,0.2030717432498932,0.09761221706867218,0.9894046783447266,0.5091683864593506,33.23909378051758,0.9470046447672062,0.20685023069381714,0.1206483319401741,0.9444055557250977,0.5223759412765503,32.58816146850586,0.939732787072036,0.20139959454536438,0.13360092043876648,1.4900010824203491,0.47840556502342224,32.432594299316406,0.9415449988302971,0.2118699848651886,0.1161368191242218,1.3510223627090454,0.48043137788772583
PASD:ava_images___295451,PASD,ava_images___295451.png,dataset/sr/PASD/ava_images___295451.png,dataset/hr/ava_images___295451.png,dataset/lr/ava_images___295451.png,21.075952529907227,0.7464873822326257,0.3534712493419647,0.19527731835842133,1.0881949663162231,0.3080595135688782,22.14077377319336,0.7711687711583138,0.3757186830043793,0.285614013671875,0.20374254882335663,0.3708779513835907,22.252792358398438,0.7633741792150388,0.37880757451057434,0.26035812497138977,1.2880425453186035,0.3368537127971649,22.048370361328125,0.7685410953846311,0.37819647789001465,0.25352081656455994,1.2989226579666138,0.36556926369667053
PASD:ava_images___308473,PASD,ava_images___308473.png,dataset/sr/PASD/ava_images___308473.png,dataset/hr/ava_images___308473.png,dataset/lr/ava_images___308473.png,23.018661499023438,0.7257011441749596,0.33188343048095703,0.1517326384782791,1.1086434125900269,0.3103039562702179,25.76158332824707,0.8131796665072761,0.37528276443481445,0.24293383955955505,-0.6379818320274353,0.34852534532546997,25.683082580566406,0.7935739886294558,0.3683567941188812,0.22007030248641968,0.43048399686813354,0.29421326518058777,25.28351593017578,0.8033859927211705,0.3835228681564331,0.2224360555410385,0.39940154552459717,0.30825018882751465
PASD:ava_images___321917,PASD,ava_images___321917.png,dataset/sr/PASD/ava_images___321917.png,dataset/hr/ava_images___321917.png,dataset/lr/ava_images___321917.png,15.35719108581543,0.3724086493573301,0.3613179326057434,0.23884683847427368,1.5560966730117798,0.3080427646636963,18.676254272460938,0.5249434860779575,0.5219694375991821,0.5397783517837524,0.06630212813615799,0.35488930344581604,18.988656997680664,0.500561178755787,0.5042591691017151,0.5323234796524048,0.7816042900085449,0.3217225670814514,18.671018600463867,0.5071482448453983,0.5231637954711914,0.502045214176178,0.7937977910041809,0.3337065279483795
PASD:ava_images___360165,PASD,ava_images___360165.png,dataset/sr/PASD/ava_images___360165.png,dataset/hr/ava_images___360165.png,dataset/lr/ava_images___360165.png,19.149581909179688,0.6739528519369586,0.24676407873630524,0.22329407930374146,0.015667228028178215,0.3300987184047699,20.937179565429688,0.6952993256220071,0.38094133138656616,0.4471426010131836,-0.9000639915466309,0.4034952223300934,21.0526123046875,0.7035026340263161,0.3654625415802002,0.39426711201667786,0.1107427105307579,0.3509855568408966,20.88749122619629,0.6993407196037483,0.3887937068939209,0.40548717975616455,-0.12486639618873596,0.3592444658279419
PASD:ava_images___426629,PASD,ava_images___426629.png,dataset/sr/PASD/ava_images___426629.png,dataset/hr/ava_images___426629.png,dataset/lr/ava_images___426629.png,19.975406646728516,0.5898166671165228,0.3560246229171753,0.1556149274110794,1.1221574544906616,0.3279385566711426,22.122976303100586,0.6748665781334493,0.4744858145713806,0.43910887837409973,-0.37938326597213745,0.34317073225975037,22.138185501098633,0.655135092202425,0.44664353132247925,0.4479341506958008,0.6925830245018005,0.33026981353759766,21.914569854736328,0.6616140634367749,0.4583560824394226,0.41162019968032837,0.03601265698671341,0.3285405933856964
PASD:ava_images___436880,PASD,ava_images___436880.png,dataset/sr/PASD/ava_images___436880.png,dataset/hr/ava_images___436880.png,dataset/lr/ava_images___436880.png,17.655744552612305,0.5122554702965582,0.37746721506118774,0.19084833562374115,1.358741283416748,0.25007158517837524,19.98603630065918,0.6219525788256142,0.444388747215271,0.48341765999794006,-0.018210534006357193,0.25787925720214844,19.945541381835938,0.592121124061284,0.435588002204895,0.4654756188392639,0.8868391513824463,0.20051684975624084,19.656984329223633,0.5936418647136377,0.44764888286590576,0.4270344078540802,0.8529924154281616,0.22645197808742523
PASD:ava_images___46021,PASD,ava_images___46021.png,dataset/sr/PASD/ava_images___46021.png,dataset/hr/ava_images___46021.png,dataset/lr/ava_images___46021.png,26.877185821533203,0.9259834552058479,0.2023162841796875,0.05301440879702568,0.6530835032463074,0.514227032661438,26.607664108276367,0.9189100771314512,0.23185618221759796,0.1339438557624817,-0.05058923736214638,0.4744931161403656,25.834815979003906,0.9117217778921094,0.2247774600982666,0.0796896293759346,1.5961742401123047,0.44276055693626404,25.87283706665039,0.9136693752644957,0.23748789727687836,0.09912698715925217,0.5953489542007446,0.47150760889053345
PASD:ava_images___472713,PASD,ava_images___472713.png,dataset/sr/PASD/ava_images___472713.png,dataset/hr/ava_images___472713.png,dataset/lr/ava_images___472713.png,22.154762268066406,0.6122954602756722,0.3585279881954193,0.2767437696456909,1.412076473236084,0.3503705859184265,22.96124267578125,0.6503283341053276,0.4558032751083374,0.46287980675697327,0.4575332701206207,0.3038329780101776,22.830459594726562,0.6444413856573414,0.44885483384132385,0.4422992467880249,1.433959722518921,0.2473769634962082,22.799057006835938,0.6456798516873345,0.4587792158126831,0.4360763430595398,1.0678805112838745,0.27300548553466797
PASD:ava_images___501777,PASD,ava_images___501777.png,dataset/sr/PASD/ava_images___501777.png,dataset/hr/ava_images___501777.png,dataset/lr/ava_images___501777.png,24.45591163635254,0.730816134263294,0.4188145697116852,0.3417559862136841,1.1306232213974,0.3246762454509735,24.76335334777832,0.756233549156885,0.4578523337841034,0.43615204095840454,0.7399627566337585,0.3430541455745697,24.773719787597656,0.7546887816071748,0.43815916776657104,0.3956562876701355,1.1975663900375366,0.31412273645401,24.87075424194336,0.7603811953540878,0.4543273448944092,0.4043898284435272,0.9595235586166382,0.3298628330230713
PASD:ava_images___564572,PASD,ava_images___564572.png,dataset/sr/PASD/ava_images___564572.png,dataset/hr/ava_images___564572.png,dataset/lr/ava_images___564572.png,22.28987693786621,0.8195663762645448,0.1776144802570343,0.08845963329076767,0.1845042109489441,0.37354040145874023,24.10956382751465,0.8219836518551066,0.29362887144088745,0.2779535949230194,0.0202387236058712,0.4088312089443207,23.86630630493164,0.8170370275553361,0.2962290644645691,0.24944975972175598,0.01454447116702795,0.32968616485595703,23.80108642578125,0.8202065637254707,0.30391553044319153,0.26238828897476196,-0.05100317671895027,0.3708595335483551
PASD:ava_images___588008,PASD,ava_images___588008.png,dataset/sr/PASD/ava_images___588008.png,dataset/hr/ava_images___588008.png,dataset/lr/ava_images___588008.png,38.18873977661133,0.9627508443448242,0.21291151642799377,0.0954168289899826,0.2729174792766571,0.5367744565010071,40.24690246582031,0.9716007663200189,0.24210646748542786,0.17553476989269257,0.4234369397163391,0.5556308627128601,32.501712799072266,0.9655186647589536,0.24894818663597107,0.1710282415151596,0.47077468037605286,0.5298952460289001,32.1052131652832,0.966092200897364,0.257794052362442,0.19138558208942413,0.5471900701522827,0.539691150188446
PASD:ava_images___645845,PASD,ava_images___645845.png,dataset/sr/PASD/ava_images___645845.png,dataset/hr/ava_images___645845.png,dataset/lr/ava_images___645845.png,22.979095458984375,0.7389894769570136,0.290705144405365,0.15248450636863708,1.4017200469970703,0.34234505891799927,25.09659194946289,0.8072817735258936,0.3449226915836334,0.2256680428981781,0.6556769609451294,0.4990656077861786,24.768871307373047,0.7852412428356316,0.2990509569644928,0.2195448875427246,0.9831606149673462,0.4347967207431793,24.938339233398438,0.8019037856703852,0.33250221610069275,0.22761571407318115,0.8079754710197449,0.46911975741386414
PASD:ava_images___699615,PASD,ava_images___699615.png,dataset/sr/PASD/ava_images___699615.png,dataset/hr/ava_images___699615.png,dataset/lr/ava_images___699615.png,22.42281723022461,0.7986408288320833,0.20795366168022156,0.10897303372621536,1.1982336044311523,0.48708707094192505,25.50440216064453,0.854661106759849,0.2403581738471985,0.17616815865039825,0.3936029076576233,0.5663896799087524,25.597192764282227,0.8523119768899033,0.23106282949447632,0.16611133515834808,0.6988521814346313,0.4613431990146637,25.378108978271484,0.8517104028396388,0.24654929339885712,0.16172388195991516,0.5733091831207275,0.5092834830284119
PASD:ava_images___710191,PASD,ava_images___710191.png,dataset/sr/PASD/ava_images___710191.png,dataset/hr/ava_images___710191.png,dataset/lr/ava_images___710191.png,26.95854377746582,0.8525431024766936,0.19267959892749786,0.09388665109872818,0.6748524308204651,0.41271182894706726,29.39691162109375,0.894183177923982,0.2573259472846985,0.17392416298389435,0.09611651301383972,0.4415725767612457,29.730934143066406,0.8943363718109151,0.24259239435195923,0.14431039988994598,0.5033645629882812,0.4133044183254242,29.45545196533203,0.8929680515984542,0.2572273313999176,0.14650404453277588,0.37167811393737793,0.4155224859714508
PASD:ava_images___737450,PASD,ava_images___737450.png,dataset/sr/PASD/ava_images___737450.png,dataset/hr/ava_images___737450.png,dataset/lr/ava_images___737450.png,23.676321029663086,0.7823865606985023,0.2137668877840042,0.15369197726249695,1.8193703889846802,0.44100475311279297,25.897987365722656,0.8255891510104441,0.2505943179130554,0.25276729464530945,1.6062630414962769,0.4021291732788086,24.545888900756836,0.8014502131743294,0.2737722396850586,0.2326684594154358,1.8497980833053589,0.34735777974128723,24.712665557861328,0.8066758323573321,0.2696170210838318,0.24126112461090088,1.408663034439087,0.3369666039943695
PASD:ava_images___74410,PASD,ava_images___74410.png,dataset/sr/PASD/ava_images___74410.png,dataset/hr/ava_images___74410.png,dataset/lr/ava_images___74410.png,21.917097091674805,0.4189891411670601,0.4684203565120697,0.3308856189250946,1.0123399496078491,0.4128963053226471,23.466184616088867,0.554351429092027,0.5280613899230957,0.562972366809845,0.9131765365600586,0.4048086106777191,22.878210067749023,0.513750635042353,0.5195251703262329,0.5643013715744019,1.3428959846496582,0.3558877408504486,23.195919036865234,0.5385947557506842,0.5292333364486694,0.549949586391449,1.1671552658081055,0.34743210673332214
PASD:ava_images___751927,PASD,ava_images___751927.png,dataset/sr/PASD/ava_images___751927.png,dataset/hr/ava_images___751927.png,dataset/lr/ava_images___751927.png,25.479650497436523,0.8305965137042187,0.25929921865463257,0.20179882645606995,1.0560097694396973,0.36799731850624084,30.576391220092773,0.9131957532695238,0.24911801517009735,0.14591626822948456,0.36714664101600647,0.38859182596206665,28.79361915588379,0.8845829867807583,0.24857941269874573,0.14233961701393127,1.0588998794555664,0.36918017268180847,29.50790786743164,0.898012862038278,0.23742640018463135,0.15112920105457306,0.9962818026542664,0.36607831716537476
PASD:ava_images___773899,PASD,ava_images___773899.png,dataset/sr/PASD/ava_images___773899.png,dataset/hr/ava_images___773899.png,dataset/lr/ava_images___773899.png,26.022563934326172,0.8161305378251061,0.31628745794296265,0.161759153008461,0.5731917023658752,0.349660724401474,26.70810890197754,0.8435670495660602,0.328970730304718,0.23850323259830475,-0.0029407539404928684,0.3700864613056183,26.329177856445312,0.8364528689521541,0.3287535011768341,0.20335429906845093,1.1820086240768433,0.35784968733787537,26.409862518310547,0.8375938912175243,0.3337269425392151,0.2127213329076767,0.9181520342826843,0.364936888217926
PASD:ava_images___827653,PASD,ava_images___827653.png,dataset/sr/PASD/ava_images___827653.png,dataset/hr/ava_images___827653.png,dataset/lr/ava_images___827653.png,20.161060333251953,0.6079397037598174,0.33020418882369995,0.21501371264457703,1.8324753046035767,0.20493023097515106,22.18561363220215,0.6372675396189135,0.4236910939216614,0.41637134552001953,1.1803003549575806,0.25063157081604004,21.685401916503906,0.6080799908432141,0.41117092967033386,0.41678714752197266,1.323930025100708,0.20230980217456818,21.728591918945312,0.6168482558487988,0.4324224889278412,0.419699102640152,1.2943412065505981,0.19964604079723358
PASD:ava_images___842206,PASD,ava_images___842206.png,dataset/sr/PASD/ava_images___842206.png,dataset/hr/ava_images___842206.png,dataset/lr/ava_images___842206.png,25.650236129760742,0.7354679455363696,0.3791566491127014,0.26655012369155884,0.9272959232330322,0.3871595561504364,26.5114688873291,0.7692133014716852,0.4459912180900574,0.40370282530784607,0.4687086045742035,0.3893279433250427,25.72635269165039,0.7561933677853201,0.4470846951007843,0.38369762897491455,1.2450133562088013,0.3183295428752899,26.101497650146484,0.7670712015173494,0.44716134667396545,0.39039552211761475,0.9698256850242615,0.34469905495643616
PASD:ava_images___846773,PASD,ava_images___846773.png,dataset/sr/PASD/ava_images___846773.png,dataset/hr/ava_images___846773.png,dataset/lr/ava_images___846773.png,22.184370040893555,0.6620286404182261,0.32083630561828613,0.2439509779214859,1.4782296419143677,0.33489105105400085,24.813610076904297,0.7732121658608019,0.36754149198532104,0.32346707582473755,0.18601194024085999,0.3721122741699219,24.133413314819336,0.7432393892884191,0.3730039894580841,0.27959027886390686,0.9737567901611328,0.3558347821235657,23.641639709472656,0.7447540344751529,0.4003024399280548,0.29670411348342896,0.6284960508346558,0.3445081412792206
PASD:ava_images___857447,PASD,ava_images___857447.png,dataset/sr/PASD/ava_images___857447.png,dataset/hr/ava_images___857447.png,dataset/lr/ava_images___857447.png,20.064504623413086,0.5381613490357866,0.3640764057636261,0.2282584309577942,1.2957353591918945,0.3613288402557373,23.411277770996094,0.6689129700861334,0.42404669523239136,0.4090549051761627,0.4576643109321594,0.34027665853500366,23.109224319458008,0.6403975829324805,0.42555978894233704,0.3657049536705017,0.9913062453269958,0.3035043776035309,23.03886604309082,0.6486350783258757,0.44025397300720215,0.3803102374076843,1.091676950454712,0.3015301525592804
PASD:ava_images___864250,PASD,ava_images___864250.png,dataset/sr/PASD/ava_images___864250.png,dataset/hr/ava_images___864250.png,dataset/lr/ava_images___864250.png,18.551923751831055,0.6480282419620085,0.3790183663368225,0.27678731083869934,1.560610055923462,0.2447270005941391,20.592872619628906,0.706180071293387,0.40504127740859985,0.3530772030353546,0.5334447622299194,0.2907807230949402,20.328365325927734,0.6834262145486464,0.39792466163635254,0.35391542315483093,0.8645235300064087,0.23565654456615448,20.208118438720703,0.687045050455449,0.41495269536972046,0.3357660174369812,0.9945951104164124,0.26191285252571106
PASD:ava_images___865616,PASD,ava_images___865616.png,dataset/sr/PASD/ava_images___865616.png,dataset/hr/ava_images___865616.png,dataset/lr/ava_images___865616.png,18.75861930847168,0.5723710809690616,0.3449776768684387,0.21432098746299744,1.1217708587646484,0.319496214389801,20.408008575439453,0.6394643020140259,0.40558183193206787,0.38448819518089294,-0.1602969765663147,0.42858535051345825,20.498559951782227,0.6302606593937408,0.3981250822544098,0.3933139443397522,0.33729010820388794,0.3725822865962982,20.224685668945312,0.6270566381353906,0.41094011068344116,0.3553788959980011,0.2844337522983551,0.4022286534309387
PASD:ava_images___953752,PASD,ava_images___953752.png,dataset/sr/PASD/ava_images___953752.png,dataset/hr/ava_images___953752.png,dataset/lr/ava_images___953752.png,20.469362258911133,0.5929257689222791,0.32280194759368896,0.15800516307353973,1.2606366872787476,0.2990925908088684,21.75302505493164,0.6444620850314334,0.4116981029510498,0.39989209175109863,0.5568748116493225,0.37305089831352234,21.12433624267578,0.6116616504312359,0.41252389550209045,0.40202081203460693,1.0363703966140747,0.2938350737094879,21.297344207763672,0.63082390673097,0.41753000020980835,0.4020620286464691,0.6648935079574585,0.3459213376045227
PASD:blur_dataset___out_of_focus0685,PASD,blur_dataset___out_of_focus0685.png,dataset/sr/PASD/blur_dataset___out_of_focus0685.png,dataset/hr/blur_dataset___out_of_focus0685.png,dataset/lr/blur_dataset___out_of_focus0685.png,26.803020477294922,0.7652242746255083,0.3888152539730072,0.2518097460269928,1.0740748643875122,0.43143120408058167,27.127994537353516,0.8273613811530448,0.37095820903778076,0.2230399250984192,0.00038665119791403413,0.46272745728492737,27.175493240356445,0.8276838044178683,0.34120672941207886,0.2156156748533249,0.8568156361579895,0.45329609513282776,27.14064598083496,0.8306866974930525,0.33428260684013367,0.23493149876594543,0.8488804697990417,0.4354057312011719
PASD:voc_emotic_ava___EMOTIC__COCO_train2014_000000244530,PASD,voc_emotic_ava___EMOTIC__COCO_train2014_000000244530.png,dataset/sr/PASD/voc_emotic_ava___EMOTIC__COCO_train2014_000000244530.png,dataset/hr/voc_emotic_ava___EMOTIC__COCO_train2014_000000244530.png,dataset/lr/voc_emotic_ava___EMOTIC__COCO_train2014_000000244530.png,24.540376663208008,0.7240438540877959,0.3415738642215729,0.22354064881801605,0.9790657162666321,0.411900132894516,26.006877899169922,0.774834598984115,0.4545752704143524,0.4219245910644531,0.2889375388622284,0.5567421913146973,25.916961669921875,0.7698958151166665,0.44036728143692017,0.41953176259994507,0.6525646448135376,0.5014061331748962,25.78668212890625,0.7739500985810771,0.45269566774368286,0.40015584230422974,0.5333179831504822,0.5292531847953796
PASD:voc_emotic_ava___EMOTIC__COCO_train2014_000000247190,PASD,voc_emotic_ava___EMOTIC__COCO_train2014_000000247190.png,dataset/sr/PASD/voc_emotic_ava___EMOTIC__COCO_train2014_000000247190.png,dataset/hr/voc_emotic_ava___EMOTIC__COCO_train2014_000000247190.png,dataset/lr/voc_emotic_ava___EMOTIC__COCO_train2014_000000247190.png,20.704227447509766,0.5037040712237196,0.37885814905166626,0.31558722257614136,1.4613943099975586,0.3278251886367798,22.690122604370117,0.6297975665213674,0.4223436415195465,0.4575803279876709,0.6062515377998352,0.41334351897239685,22.303237915039062,0.5880143716329472,0.43702805042266846,0.47280630469322205,1.1694003343582153,0.3579384982585907,22.39961814880371,0.6094890026389511,0.42874327301979065,0.4420403838157654,0.8898493051528931,0.3608332574367523
PASD:voc_emotic_ava___EMOTIC__COCO_val2014_000000020598,PASD,voc_emotic_ava___EMOTIC__COCO_val2014_000000020598.png,dataset/sr/PASD/voc_emotic_ava___EMOTIC__COCO_val2014_000000020598.png,dataset/hr/voc_emotic_ava___EMOTIC__COCO_val2014_000000020598.png,dataset/lr/voc_emotic_ava___EMOTIC__COCO_val2014_000000020598.png,20.79127311706543,0.6305755802457041,0.31071072816848755,0.20758387446403503,1.0430368185043335,0.27203625440597534,21.71837615966797,0.6653444759871235,0.3998354971408844,0.4631348252296448,0.25975266098976135,0.40547534823417664,21.381214141845703,0.6398109429620004,0.39661285281181335,0.46407681703567505,0.8271162509918213,0.29534685611724854,21.368635177612305,0.655315586742754,0.4046977758407593,0.43907445669174194,0.45984017848968506,0.3734765350818634
PASD:voc_emotic_ava___JPEGImages__2008_003883,PASD,voc_emotic_ava___JPEGImages__2008_003883.png,dataset/sr/PASD/voc_emotic_ava___JPEGImages__2008_003883.png,dataset/hr/voc_emotic_ava___JPEGImages__2008_003883.png,dataset/lr/voc_emotic_ava___JPEGImages__2008_003883.png,20.89544677734375,0.5483809229667229,0.42882293462753296,0.30004796385765076,1.4582159519195557,0.3681052327156067,24.27395248413086,0.7066022287039347,0.4556586444377899,0.3756241500377655,0.2449236810207367,0.47652116417884827,24.048641204833984,0.672195316941682,0.4489084482192993,0.3624219298362732,1.0170814990997314,0.41068974137306213,23.80246353149414,0.6951520915339756,0.4615253210067749,0.3512403070926666,0.6143256425857544,0.4323461651802063
PASD:voc_emotic_ava___VOC2012__2010_004399,PASD,voc_emotic_ava___VOC2012__2010_004399.png,dataset/sr/PASD/voc_emotic_ava___VOC2012__2010_004399.png,dataset/hr/voc_emotic_ava___VOC2012__2010_004399.png,dataset/lr/voc_emotic_ava___VOC2012__2010_004399.png,23.275909423828125,0.741759870434445,0.35947132110595703,0.28182926774024963,1.8899438381195068,0.3570992946624756,28.577545166015625,0.8811481238659173,0.30995166301727295,0.1895754337310791,0.9129374027252197,0.4009639322757721,27.19013023376465,0.848342527928655,0.3376672863960266,0.206308051943779,1.9188131093978882,0.3251746892929077,27.429981231689453,0.859892677743797,0.3228893280029297,0.18013620376586914,1.6646989583969116,0.3584024906158447
PASD:voc_emotic_ava___VOC2012__2012_004043,PASD,voc_emotic_ava___VOC2012__2012_004043.png,dataset/sr/PASD/voc_emotic_ava___VOC2012__2012_004043.png,dataset/hr/voc_emotic_ava___VOC2012__2012_004043.png,dataset/lr/voc_emotic_ava___VOC2012__2012_004043.png,19.80828285217285,0.5256259626631179,0.3372422456741333,0.284944623708725,1.2226518392562866,0.35111403465270996,23.162883758544922,0.7150341063721393,0.3544226288795471,0.3507731854915619,-0.2063651978969574,0.46440574526786804,22.681957244873047,0.678707068068183,0.36149418354034424,0.3578591048717499,0.7161998748779297,0.40619203448295593,22.613370895385742,0.6768954443068219,0.36786070466041565,0.31712156534194946,0.6744793653488159,0.39636072516441345
SUPIR:1024x768___4962875195,SUPIR,1024x768___4962875195.png,dataset/sr/SUPIR/1024x768___4962875195.png,dataset/hr/1024x768___4962875195.png,dataset/lr/1024x768___4962875195.png,27.134483337402344,0.749012375572988,0.2827693223953247,0.1958514153957367,1.578216314315796,0.41519054770469666,28.479019165039062,0.7970471104939695,0.3898616433143616,0.38343533873558044,0.4480610489845276,0.33760783076286316,28.168834686279297,0.791108019270015,0.37172919511795044,0.33493587374687195,1.0770337581634521,0.3324034810066223,28.33635139465332,0.797215967750249,0.39244160056114197,0.35400182008743286,0.7367833852767944,0.33849215507507324
SUPIR:ava_images___101816,SUPIR,ava_images___101816.png,dataset/sr/SUPIR/ava_images___101816.png,dataset/hr/ava_images___101816.png,dataset/lr/ava_images___101816.png,16.370222091674805,0.3152627342454142,0.45217373967170715,0.26131802797317505,1.3640434741973877,0.2855087220668793,19.93364143371582,0.5258106620046251,0.5332067608833313,0.56737220287323,0.18807700276374817,0.333050400018692,19.822059631347656,0.48481917065145813,0.538467526435852,0.5534339547157288,1.0254900455474854,0.28618526458740234,19.713266372680664,0.49784133910485956,0.5303032398223877,0.5310121774673462,0.7055261731147766,0.28970247507095337
SUPIR:ava_images___158174,SUPIR,ava_images___158174.png,dataset/sr/SUPIR/ava_images___158174.png,dataset/hr/ava_images___158174.png,dataset/lr/ava_images___158174.png,28.879314422607422,0.8749431103463318,0.232783243060112,0.21753400564193726,1.2739201784133911,0.45443183183670044,30.307727813720703,0.9026599402214451,0.26490864157676697,0.2196495234966278,0.31615886092185974,0.5127547979354858,29.73045539855957,0.8962446143806402,0.26023152470588684,0.21452882885932922,1.0857795476913452,0.5025507807731628,29.462753295898438,0.8968999576226666,0.266096293926239,0.21045708656311035,0.7044216990470886,0.47833019495010376
SUPIR:ava_images___18037,SUPIR,ava_images___18037.png,dataset/sr/SUPIR/ava_images___18037.png,dataset/hr/ava_images___18037.png,dataset/lr/ava_images___18037.png,29.260162353515625,0.8761151153768308,0.32000482082366943,0.22709578275680542,0.8857144117355347,0.4475960433483124,30.74589729309082,0.9098695777148313,0.36400550603866577,0.2833603024482727,0.8451241254806519,0.45713844895362854,29.755786895751953,0.8946086662473476,0.3490159213542938,0.27157047390937805,0.9025165438652039,0.43779754638671875,29.86182403564453,0.9016730623429354,0.34854984283447266,0.26804259419441223,1.1466479301452637,0.44205060601234436
SUPIR:ava_images___217590,SUPIR,ava_images___217590.png,dataset/sr/SUPIR/ava_images___217590.png,dataset/hr/ava_images___217590.png,dataset/lr/ava_images___217590.png,34.58982467651367,0.9336654367245885,0.18538066744804382,0.08868613094091415,0.6804806590080261,0.5440090298652649,38.339866638183594,0.9645619044913135,0.25831151008605957,0.13066886365413666,0.6867156028747559,0.5017614364624023,37.361053466796875,0.9548693848591718,0.3029554784297943,0.1335500329732895,1.1153879165649414,0.4625711441040039,37.86259078979492,0.9594424613814684,0.2665870785713196,0.12325455248355865,0.8632036447525024,0.44885730743408203
SUPIR:ava_images___251530,SUPIR,ava_images___251530.png,dataset/sr/SUPIR/ava_images___251530.png,dataset/hr/ava_images___251530.png,dataset/lr/ava_images___251530.png,14.111417770385742,0.21908969979704532,0.5142796039581299,0.21264053881168365,1.401699185371399,0.22903791069984436,19.06742286682129,0.5086621780832604,0.640016496181488,0.5979891419410706,0.0603962279856205,0.3076971769332886,18.634716033935547,0.4420296931087947,0.606332540512085,0.5965160727500916,0.5539458990097046,0.2504741847515106,18.807435989379883,0.47035001053774,0.6001876592636108,0.5804378986358643,0.7171968221664429,0.2594115436077118
SUPIR:ava_images___253900,SUPIR,ava_images___253900.png,dataset/sr/SUPIR/ava_images___253900.png,dataset/hr/ava_images___253900.png,dataset/lr/ava_images___253900.png,23.235992431640625,0.72334161949123,0.3242238163948059,0.12536577880382538,0.8953306078910828,0.24468164145946503,28.291643142700195,0.8175879026551194,0.3418665826320648,0.24920892715454102,-0.04613843932747841,0.3983381986618042,27.394495010375977,0.7903512352697057,0.34728091955184937,0.23485568165779114,0.9730966091156006,0.3185594379901886,27.473007202148438,0.7963135401573915,0.33504360914230347,0.22936931252479553,0.715695321559906,0.3604544699192047
SUPIR:ava_images___273810,SUPIR,ava_images___273810.png,dataset/sr/SUPIR/ava_images___273810.png,dataset/hr/ava_images___273810.png,dataset/lr/ava_images___273810.png,29.22629165649414,0.8974501219653112,0.23776333034038544,0.12326386570930481,1.3407422304153442,0.4428439140319824,33.298702239990234,0.9406200233025116,0.29679593443870544,0.2031518965959549,0.9663333892822266,0.452913761138916,32.221923828125,0.9306790020597242,0.2823290228843689,0.18763630092144012,1.7630934715270996,0.4105052947998047,32.62222671508789,0.9363707088634587,0.29179465770721436,0.17654448747634888,1.3416982889175415,0.4410005211830139
SUPIR:ava_images___295451,SUPIR,ava_images___295451.png,dataset/sr/SUPIR/ava_images___295451.png,dataset/hr/ava_images___295451.png,dataset/lr/ava_images___295451.png,23.575679779052734,0.8121381721071912,0.28156933188438416,0.13626131415367126,1.8200119733810425,0.3273867666721344,28.43515396118164,0.885839623413927,0.3273918032646179,0.19382768869400024,0.18784499168395996,0.4132676124572754,27.35051727294922,0.8609598208307213,0.34208670258522034,0.21791784465312958,2.1499388217926025,0.3721385896205902,27.342514038085938,0.8673269274695731,0.35303154587745667,0.18812435865402222,1.9680898189544678,0.3888241648674011
SUPIR:ava_images___308473,SUPIR,ava_images___308473.png,dataset/sr/SUPIR/ava_images___308473.png,dataset/hr/ava_images___308473.png,dataset/lr/ava_images___308473.png,23.06178855895996,0.6654460409727387,0.36768341064453125,0.15479445457458496,1.090847134590149,0.27616754174232483,27.08226776123047,0.7774843460991352,0.40008366107940674,0.2732611894607544,-0.530974805355072,0.35342180728912354,26.53618049621582,0.7471980589218628,0.3957347869873047,0.25576409697532654,0.748445987701416,0.2901908755302429,26.55520248413086,0.7627045629954723,0.40858104825019836,0.2524837851524353,0.7138554453849792,0.3157905638217926
SUPIR:ava_images___321917,SUPIR,ava_images___321917.png,dataset/sr/SUPIR/ava_images___321917.png,dataset/hr/ava_images___321917.png,dataset/lr/ava_images___321917.png,14.224180221557617,0.29796181963536505,0.3970569372177124,0.22294580936431885,1.6851040124893188,0.22131121158599854,16.575132369995117,0.39330236377054334,0.5767665505409241,0.5674774646759033,-0.033033587038517,0.2252044677734375,16.850631713867188,0.37678358893904396,0.5598989725112915,0.5612836480140686,0.5153486728668213,0.22060047090053558,16.748815536499023,0.38746881339847283,0.5774396061897278,0.5335659384727478,0.6913051009178162,0.20426984131336212
SUPIR:ava_images___360165,SUPIR,ava_images___360165.png,dataset/sr/SUPIR/ava_images___360165.png,dataset/hr/ava_images___360165.png,dataset/lr/ava_images___360165.png,20.607603073120117,0.7042045308730708,0.2817901074886322,0.24341802299022675,1.4406770467758179,0.32340627908706665,24.163135528564453,0.7661298686860127,0.3657977879047394,0.4239918887615204,-0.26788702607154846,0.4245425760746002,23.376131057739258,0.7627959915195591,0.3539438247680664,0.3815009593963623,0.913962721824646,0.3710073232650757,23.58363914489746,0.7636604659847033,0.36457952857017517,0.3807501792907715,0.6768199801445007,0.3772319257259369
SUPIR:ava_images___426629,SUPIR,ava_images___426629.png,dataset/sr/SUPIR/ava_images___426629.png,dataset/hr/ava_images___426629.png,dataset/lr/ava_images___426629.png,19.309228897094727,0.5678602839294523,0.3566170632839203,0.21112744510173798,1.5002182722091675,0.22643807530403137,21.70077896118164,0.663105322424607,0.5010530948638916,0.49384865164756775,0.031997259706258774,0.27202945947647095,21.527469635009766,0.6385307310433959,0.4659121632575989,0.49731069803237915,1.3354852199554443,0.24830880761146545,21.471782684326172,0.652458596484097,0.4775329828262329,0.46907857060432434,0.5416243672370911,0.25004836916923523
SUPIR:ava_images___436880,SUPIR,ava_images___436880.png,dataset/sr/SUPIR/ava_images___436880.png,dataset/hr/ava_images___436880.png,dataset/lr/ava_images___436880.png,17.227371215820312,0.48070818075206834,0.3878509998321533,0.21287648379802704,1.6839863061904907,0.23549948632717133,20.073226928710938,0.622085645708473,0.45021992921829224,0.5247867107391357,0.04087948054075241,0.2842566668987274,19.832677841186523,0.5952908683720257,0.4388195872306824,0.4974706768989563,1.0763237476348877,0.22340254485607147,19.63312339782715,0.5969279556301957,0.4482402205467224,0.47169527411460876,0.9745917320251465,0.267768919467926
SUPIR:ava_images___46021,SUPIR,ava_images___46021.png,dataset/sr/SUPIR/ava_images___46021.png,dataset/hr/ava_images___46021.png,dataset/lr/ava_images___46021.png,27.634559631347656,0.8749678368043297,0.18890899419784546,0.0636533796787262,1.2694861888885498,0.4814315736293793,26.919944763183594,0.870416420149527,0.3266579508781433,0.19237768650054932,-0.005152720492333174,0.46252766251564026,26.685869216918945,0.8731610897105838,0.33217430114746094,0.12856876850128174,2.0309157371520996,0.43173906207084656,26.82556915283203,0.8716651318971618,0.3385390341281891,0.14316989481449127,0.8878263831138611,0.45909062027931213
SUPIR:ava_images___472713,SUPIR,ava_images___472713.png,dataset/sr/SUPIR/ava_images___472713.png,dataset/hr/ava_images___472713.png,dataset/lr/ava_images___472713.png,23.581409454345703,0.6733092117728303,0.360676109790802,0.20641668140888214,1.2725515365600586,0.35721904039382935,26.3800048828125,0.7845219553503031,0.398406058549881,0.33709093928337097,-0.10493528842926025,0.36910107731819153,26.076642990112305,0.7746450652426283,0.3970972001552582,0.31718558073043823,0.9415428042411804,0.3086214065551758,26.078651428222656,0.780446943854156,0.39132383465766907,0.3079040050506592,0.5769342184066772,0.3338393270969391
SUPIR:ava_images___501777,SUPIR,ava_images___501777.png,dataset/sr/SUPIR/ava_images___501777.png,dataset/hr/ava_images___501777.png,dataset/lr/ava_images___501777.png,27.181621551513672,0.7018221560401477,0.441005676984787,0.35424789786338806,1.0002306699752808,0.2678767144680023,28.471668243408203,0.7314049923163938,0.5126442313194275,0.39702028036117554,0.3417494595050812,0.2982482612133026,28.42428970336914,0.7269295096506866,0.5201820731163025,0.41114747524261475,1.5029505491256714,0.2813026010990143,28.539140701293945,0.7328887869963169,0.5220171809196472,0.3796570897102356,0.989141047000885,0.28073370456695557
SUPIR:ava_images___564572,SUPIR,ava_images___564572.png,dataset/sr/SUPIR/ava_images___564572.png,dataset/hr/ava_images___564572.png,dataset/lr/ava_images___564572.png,23.230134963989258,0.7978259073481786,0.3281843662261963,0.16831478476524353,1.556195855140686,0.28275880217552185,28.004756927490234,0.854657721169803,0.3307197690010071,0.22328202426433563,-0.4186367690563202,0.3333491384983063,25.93912124633789,0.813181858043867,0.3674473762512207,0.21927356719970703,0.8099442720413208,0.28403571248054504,26.847755432128906,0.8418061841442762,0.3536410331726074,0.2084559202194214,0.20645827054977417,0.31058087944984436
SUPIR:ava_images___588008,SUPIR,ava_images___588008.png,dataset/sr/SUPIR/ava_images___588008.png,dataset/hr/ava_images___588008.png,dataset/lr/ava_images___588008.png,35.348514556884766,0.8736127503867499,0.3547230362892151,0.29100310802459717,1.1397260427474976,0.44901275634765625,36.52063751220703,0.8831527171423642,0.4040777087211609,0.41552621126174927,0.2796495854854584,0.4484438896179199,31.05422019958496,0.869543957185281,0.41159725189208984,0.40698689222335815,0.9861132502555847,0.450369656085968,30.800579071044922,0.8714862870116025,0.40586593747138977,0.4236251413822174,0.6533060669898987,0.46514710783958435
SUPIR:ava_images___645845,SUPIR,ava_images___645845.png,dataset/sr/SUPIR/ava_images___645845.png,dataset/hr/ava_images___645845.png,dataset/lr/ava_images___645845.png,23.314245223999023,0.7662038508051969,0.24930733442306519,0.16907624900341034,1.6463173627853394,0.35613012313842773,25.899913787841797,0.8602776961066843,0.3690212368965149,0.21648558974266052,0.5311896204948425,0.44402047991752625,25.74767303466797,0.8284919765013374,0.3079526722431183,0.2083260416984558,0.9917301535606384,0.4040834605693817,25.98356056213379,0.8515898456875644,0.35409578680992126,0.21846294403076172,0.795592188835144,0.412665456533432
SUPIR:ava_images___699615,SUPIR,ava_images___699615.png,dataset/sr/SUPIR/ava_images___699615.png,dataset/hr/ava_images___699615.png,dataset/lr/ava_images___699615.png,21.52690887451172,0.7560207727952843,0.24448789656162262,0.15630318224430084,1.7085657119750977,0.42895984649658203,25.931976318359375,0.8480717865852718,0.26992103457450867,0.2579900324344635,0.20158040523529053,0.5195655226707458,25.339765548706055,0.8284958141324591,0.27529147267341614,0.24233250319957733,1.0909024477005005,0.43104448914527893,25.516660690307617,0.8326457257552928,0.2770652174949646,0.2359645664691925,0.827314555644989,0.4659782350063324
SUPIR:ava_images___710191,SUPIR,ava_images___710191.png,dataset/sr/SUPIR/ava_images___710191.png,dataset/hr/ava_images___710191.png,dataset/lr/ava_images___710191.png,26.409910202026367,0.8067286932386194,0.3109791874885559,0.09427434206008911,1.9980756044387817,0.3457939028739929,29.550418853759766,0.8517382769189755,0.34151792526245117,0.22105921804904938,-0.367710679769516,0.407461941242218,28.697633743286133,0.82239899404697,0.3325713276863098,0.1872980147600174,1.361169695854187,0.3609824478626251,28.832324981689453,0.8352646216797849,0.3311123847961426,0.18240395188331604,0.3629296123981476,0.37080705165863037
SUPIR:ava_images___737450,SUPIR,ava_images___737450.png,dataset/sr/SUPIR/ava_images___737450.png,dataset/hr/ava_images___737450.png,dataset/lr/ava_images___737450.png,25.03178596496582,0.8325683441143629,0.2141529768705368,0.13376425206661224,2.1872222423553467,0.45522308349609375,30.016826629638672,0.913650108489827,0.23397374153137207,0.1561664640903473,0.5951418280601501,0.46477118134498596,26.878868103027344,0.879104175031931,0.2372249960899353,0.1455973982810974,1.2490981817245483,0.4200965464115143,26.9659423828125,0.8836535481522003,0.2424486130475998,0.1527618169784546,0.9435420036315918,0.40871429443359375
SUPIR:ava_images___74410,SUPIR,ava_images___74410.png,dataset/sr/SUPIR/ava_images___74410.png,dataset/hr/ava_images___74410.png,dataset/lr/ava_images___74410.png,22.546600341796875,0.42255699278378395,0.4924300014972687,0.30581751465797424,1.0514904260635376,0.327720046043396,24.794715881347656,0.5820570041009556,0.548376202583313,0.560990571975708,0.7032544016838074,0.35022178292274475,24.156612396240234,0.5498227130462604,0.5383926630020142,0.5590910315513611,1.2877696752548218,0.3087223172187805,24.407569885253906,0.5636551891121251,0.5607280731201172,0.5473498702049255,1.015252709388733,0.29210707545280457
SUPIR:ava_images___751927,SUPIR,ava_images___751927.png,dataset/sr/SUPIR/ava_images___751927.png,dataset/hr/ava_images___751927.png,dataset/lr/ava_images___751927.png,25.17489242553711,0.8043776046979711,0.2599655091762543,0.16157175600528717,0.9024989008903503,0.34651970863342285,28.860532760620117,0.8559226767452442,0.33560922741889954,0.20918159186840057,0.41416600346565247,0.34743496775627136,27.662750244140625,0.83328603274665,0.3175400495529175,0.19549548625946045,0.8665029406547546,0.3294776380062103,28.20703125,0.8461087797483283,0.31717732548713684,0.213786780834198,0.9460547566413879,0.31585535407066345
SUPIR:ava_images___773899,SUPIR,ava_images___773899.png,dataset/sr/SUPIR/ava_images___773899.png,dataset/hr/ava_images___773899.png,dataset/lr/ava_images___773899.png,27.110031127929688,0.8077760416412839,0.35799819231033325,0.1599791944026947,0.9201955795288086,0.36131468415260315,31.081483840942383,0.8573028525029645,0.37581461668014526,0.2385786920785904,0.2254079431295395,0.4160884916782379,29.88127899169922,0.8329158786567528,0.3648815155029297,0.2262507826089859,1.7554900646209717,0.3957028090953827,30.395305633544922,0.8467963886109525,0.37536025047302246,0.21946173906326294,1.2964411973953247,0.39664778113365173
SUPIR:ava_images___827653,SUPIR,ava_images___827653.png,dataset/sr/SUPIR/ava_images___827653.png,dataset/hr/ava_images___827653.png,dataset/lr/ava_images___827653.png,20.726335525512695,0.591793986756232,0.4314400851726532,0.27368399500846863,2.735349655151367,0.20137953758239746,24.5821475982666,0.7164680816643415,0.41852492094039917,0.381368488073349,0.9510589838027954,0.3464941680431366,23.51017189025879,0.6669180925375001,0.41163647174835205,0.3763565421104431,1.3969624042510986,0.3088558614253998,23.5762939453125,0.6808072724585108,0.42300695180892944,0.3735097646713257,1.2894550561904907,0.2973906099796295
SUPIR:ava_images___842206,SUPIR,ava_images___842206.png,dataset/sr/SUPIR/ava_images___842206.png,dataset/hr/ava_images___842206.png,dataset/lr/ava_images___842206.png,28.021963119506836,0.8023492540536732,0.3096978962421417,0.15942595899105072,0.9336419701576233,0.4393565356731415,30.497777938842773,0.857740235910723,0.34826764464378357,0.26647067070007324,0.5845415592193604,0.4301116466522217,28.978879928588867,0.8416976845844538,0.35820889472961426,0.24356722831726074,1.3268978595733643,0.3791445195674896,29.75345802307129,0.8538793945360038,0.3449227809906006,0.25324520468711853,1.0219943523406982,0.4001542031764984
SUPIR:ava_images___846773,SUPIR,ava_images___846773.png,dataset/sr/SUPIR/ava_images___846773.png,dataset/hr/ava_images___846773.png,dataset/lr/ava_images___846773.png,21.12248992919922,0.6403659663101807,0.3230050206184387,0.20880219340324402,1.5791616439819336,0.3441619575023651,25.4888916015625,0.7849165728742291,0.36950185894966125,0.32526183128356934,-0.10301201790571213,0.381035178899765,26.468551635742188,0.7721841627033437,0.3780435621738434,0.28446441888809204,0.9706833958625793,0.3625147342681885,25.455636978149414,0.7696278724557927,0.401835173368454,0.3002918064594269,0.6026361584663391,0.3391972482204437
SUPIR:ava_images___857447,SUPIR,ava_images___857447.png,dataset/sr/SUPIR/ava_images___857447.png,dataset/hr/ava_images___857447.png,dataset/lr/ava_images___857447.png,20.11404800415039,0.5168380740911375,0.37202122807502747,0.2670011818408966,1.3919466733932495,0.33208751678466797,23.949575424194336,0.6446539949740588,0.4478330612182617,0.3753480315208435,0.4503331780433655,0.3416433036327362,23.471261978149414,0.61507635503409,0.4421660602092743,0.3310500383377075,0.9779986143112183,0.28753191232681274,23.492473602294922,0.6299501376184804,0.4541189670562744,0.34505221247673035,1.0699920654296875,0.30080971121788025
SUPIR:ava_images___864250,SUPIR,ava_images___864250.png,dataset/sr/SUPIR/ava_images___864250.png,dataset/hr/ava_images___864250.png,dataset/lr/ava_images___864250.png,19.020631790161133,0.6485653852586672,0.34039682149887085,0.2397361695766449,2.2015388011932373,0.2642309367656708,22.493532180786133,0.7504498180315368,0.40963855385780334,0.343496173620224,0.2836654484272003,0.31614503264427185,22.117090225219727,0.7355510971966357,0.3984430432319641,0.3384056091308594,0.9641700387001038,0.2616669535636902,21.94329833984375,0.7337565372985113,0.4168492555618286,0.3212895393371582,0.8774493336677551,0.2822245657444
SUPIR:ava_images___865616,SUPIR,ava_images___865616.png,dataset/sr/SUPIR/ava_images___865616.png,dataset/hr/ava_images___865616.png,dataset/lr/ava_images___865616.png,18.674875259399414,0.5308428779274753,0.3464987277984619,0.24942205846309662,1.3671993017196655,0.2657305896282196,20.31631851196289,0.6012808401923188,0.4238394796848297,0.33604851365089417,-0.0565912239253521,0.36645856499671936,20.932090759277344,0.6203824729644547,0.4089619517326355,0.33574727177619934,0.3725229799747467,0.34087371826171875,20.146652221679688,0.595745809151189,0.4279845952987671,0.30691587924957275,0.48449841141700745,0.3462371528148651
SUPIR:ava_images___953752,SUPIR,ava_images___953752.png,dataset/sr/SUPIR/ava_images___953752.png,dataset/hr/ava_images___953752.png,dataset/lr/ava_images___953752.png,21.820079803466797,0.6377918781339132,0.31788259744644165,0.14951390027999878,1.99383544921875,0.3249815106391907,25.268978118896484,0.7620326281902219,0.3794054687023163,0.3091452717781067,0.6207805275917053,0.4438447952270508,23.942577362060547,0.731534278580923,0.3790575861930847,0.3100477159023285,1.1290265321731567,0.35474109649658203,24.31783676147461,0.7476964626544608,0.3855122923851013,0.31321704387664795,0.8026118278503418,0.4126882553100586
SUPIR:blur_dataset___out_of_focus0685,SUPIR,blur_dataset___out_of_focus0685.png,dataset/sr/SUPIR/blur_dataset___out_of_focus0685.png,dataset/hr/blur_dataset___out_of_focus0685.png,dataset/lr/blur_dataset___out_of_focus0685.png,26.421415328979492,0.7627749648431505,0.290367066860199,0.17847643792629242,1.4433667659759521,0.4205661714076996,30.35936737060547,0.8752537640953605,0.39757031202316284,0.2463400959968567,0.08797148615121841,0.43221136927604675,29.191102981567383,0.8588173576207346,0.3911705017089844,0.23943911492824554,1.2032653093338013,0.41202211380004883,29.67029571533203,0.8644461639784654,0.3875231444835663,0.24673312902450562,1.1494413614273071,0.3958924412727356
SUPIR:voc_emotic_ava___EMOTIC__COCO_train2014_000000244530,SUPIR,voc_emotic_ava___EMOTIC__COCO_train2014_000000244530.png,dataset/sr/SUPIR/voc_emotic_ava___EMOTIC__COCO_train2014_000000244530.png,dataset/hr/voc_emotic_ava___EMOTIC__COCO_train2014_000000244530.png,dataset/lr/voc_emotic_ava___EMOTIC__COCO_train2014_000000244530.png,24.48729705810547,0.6784640910835736,0.38803011178970337,0.25600728392601013,1.4530549049377441,0.32235556840896606,27.613117218017578,0.774334991950955,0.4747161567211151,0.3931775689125061,0.30848050117492676,0.48518458008766174,27.425291061401367,0.7721663433705539,0.4644958972930908,0.3901412785053253,0.8075997233390808,0.44885721802711487,27.420530319213867,0.7746085436892284,0.47421500086784363,0.37217381596565247,0.5551605820655823,0.45479559898376465
SUPIR:voc_emotic_ava___EMOTIC__COCO_train2014_000000247190,SUPIR,voc_emotic_ava___EMOTIC__COCO_train2014_000000247190.png,dataset/sr/SUPIR/voc_emotic_ava___EMOTIC__COCO_train2014_000000247190.png,dataset/hr/voc_emotic_ava___EMOTIC__COCO_train2014_000000247190.png,dataset/lr/voc_emotic_ava___EMOTIC__COCO_train2014_000000247190.png,20.834922790527344,0.5010129563264539,0.3855893015861511,0.32350242137908936,1.6357401609420776,0.30274462699890137,24.31109619140625,0.702990845648245,0.41317006945610046,0.39710044860839844,0.2698567807674408,0.4203157424926758,23.86733627319336,0.6595243339996839,0.42812100052833557,0.40779924392700195,0.9643797278404236,0.3605390191078186,23.92038345336914,0.6838992513868632,0.4192919135093689,0.3887168765068054,0.652064859867096,0.3595162332057953
SUPIR:voc_emotic_ava___EMOTIC__COCO_val2014_000000020598,SUPIR,voc_emotic_ava___EMOTIC__COCO_val2014_000000020598.png,dataset/sr/SUPIR/voc_emotic_ava___EMOTIC__COCO_val2014_000000020598.png,dataset/hr/voc_emotic_ava___EMOTIC__COCO_val2014_000000020598.png,dataset/lr/voc_emotic_ava___EMOTIC__COCO_val2014_000000020598.png,22.28714942932129,0.6683998499571758,0.3218587636947632,0.16173017024993896,1.614031195640564,0.27780404686927795,24.958984375,0.7817779784587461,0.38329899311065674,0.3740580976009369,0.2587782144546509,0.42987051606178284,24.230058670043945,0.7577365158254187,0.3765344023704529,0.3714643716812134,0.9656846523284912,0.3421187996864319,24.299453735351562,0.7701094002731457,0.38374096155166626,0.34619447588920593,0.5574986338615417,0.39992979168891907
SUPIR:voc_emotic_ava___JPEGImages__2008_003883,SUPIR,voc_emotic_ava___JPEGImages__2008_003883.png,dataset/sr/SUPIR/voc_emotic_ava___JPEGImages__2008_003883.png,dataset/hr/voc_emotic_ava___JPEGImages__2008_003883.png,dataset/lr/voc_emotic_ava___JPEGImages__2008_003883.png,20.029571533203125,0.5214217625972563,0.43479686975479126,0.275627076625824,1.5485531091690063,0.3155202567577362,23.928396224975586,0.7153588761671196,0.48362070322036743,0.4446721076965332,0.09340181946754456,0.41413065791130066,23.483579635620117,0.6769162449254563,0.4841078519821167,0.44173240661621094,0.9178839921951294,0.31814122200012207,23.638431549072266,0.7123195616266391,0.47961556911468506,0.42632800340652466,0.534008800983429,0.37808987498283386
SUPIR:voc_emotic_ava___VOC2012__2010_004399,SUPIR,voc_emotic_ava___VOC2012__2010_004399.png,dataset/sr/SUPIR/voc_emotic_ava___VOC2012__2010_004399.png,dataset/hr/voc_emotic_ava___VOC2012__2010_004399.png,dataset/lr/voc_emotic_ava___VOC2012__2010_004399.png,21.892719268798828,0.6782810197589901,0.38213831186294556,0.24207144975662231,1.6312459707260132,0.32970771193504333,26.352231979370117,0.8189051918237841,0.4309045672416687,0.3265162706375122,0.4527294635772705,0.37511375546455383,25.57915687561035,0.7950882140040301,0.44791311025619507,0.29563069343566895,1.731101632118225,0.2828572988510132,25.662567138671875,0.8031567823204019,0.4454048275947571,0.29731592535972595,1.4802263975143433,0.30958205461502075
SUPIR:voc_emotic_ava___VOC2012__2012_004043,SUPIR,voc_emotic_ava___VOC2012__2012_004043.png,dataset/sr/SUPIR/voc_emotic_ava___VOC2012__2012_004043.png,dataset/hr/voc_emotic_ava___VOC2012__2012_004043.png,dataset/lr/voc_emotic_ava___VOC2012__2012_004043.png,19.92559814453125,0.49114038501674756,0.33395278453826904,0.24016237258911133,1.1387094259262085,0.26241040229797363,23.740997314453125,0.6620642339092249,0.39260342717170715,0.4498671889305115,-0.12147410959005356,0.3704947531223297,23.16485595703125,0.6342107095415496,0.3918406665325165,0.4462157189846039,0.7140165567398071,0.3165684640407562,23.340471267700195,0.6443687121942585,0.39980775117874146,0.40276867151260376,0.723521888256073,0.32196715474128723
RealESRGAN:1024x768___4962875195,RealESRGAN,1024x768___4962875195.png,dataset/sr/RealESRGAN/1024x768___4962875195.png,dataset/hr/1024x768___4962875195.png,dataset/lr/1024x768___4962875195.png,28.51808738708496,0.8364960778959756,0.292059063911438,0.22221580147743225,0.9563605189323425,0.4660812318325043,29.74757957458496,0.9043828456521821,0.27222564816474915,0.2017681896686554,0.5899941325187683,0.5231568217277527,30.057266235351562,0.919824788696778,0.2420824021100998,0.1428675800561905,0.6047284603118896,0.49455443024635315,29.903488159179688,0.9210031495723016,0.25832822918891907,0.15431417524814606,0.7263520359992981,0.5019838213920593
RealESRGAN:ava_images___101816,RealESRGAN,ava_images___101816.png,dataset/sr/RealESRGAN/ava_images___101816.png,dataset/hr/ava_images___101816.png,dataset/lr/ava_images___101816.png,17.586742401123047,0.4331796898645961,0.4559973180294037,0.372444748878479,1.0112016201019287,0.2764785885810852,21.81713104248047,0.7139690184847405,0.3837917745113373,0.35836052894592285,-0.19995687901973724,0.42611560225486755,21.750682830810547,0.6933433061052257,0.39324045181274414,0.3279753029346466,0.4823976457118988,0.37870556116104126,21.68830680847168,0.7015099936285245,0.38062596321105957,0.305438369512558,0.21212458610534668,0.38873395323753357
RealESRGAN:ava_images___158174,RealESRGAN,ava_images___158174.png,dataset/sr/RealESRGAN/ava_images___158174.png,dataset/hr/ava_images___158174.png,dataset/lr/ava_images___158174.png,28.383066177368164,0.9204506845647421,0.18007230758666992,0.16445520520210266,0.2723843455314636,0.5155002474784851,28.21004867553711,0.9271812524913478,0.18195614218711853,0.13861265778541565,0.10057887434959412,0.5929316878318787,28.882068634033203,0.9463119505321161,0.14913485944271088,0.09945881366729736,0.3936196565628052,0.5920551419258118,28.49632453918457,0.9387606538569769,0.1563636064529419,0.1115969717502594,0.16008056700229645,0.5744156241416931
RealESRGAN:ava_images___18037,RealESRGAN,ava_images___18037.png,dataset/sr/RealESRGAN/ava_images___18037.png,dataset/hr/ava_images___18037.png,dataset/lr/ava_images___18037.png,30.28173828125,0.9064252315509982,0.25924810767173767,0.2181919515132904,0.5426260232925415,0.5480993390083313,31.826688766479492,0.9381079963595671,0.2654188573360443,0.1717989593744278,0.557904064655304,0.5901627540588379,31.45829963684082,0.9457444031165804,0.2352578341960907,0.149524986743927,0.4336508512496948,0.5653974413871765,31.314496994018555,0.9402251550631399,0.2355726659297943,0.1550671011209488,0.645124614238739,0.572403073310852
RealESRGAN:ava_images___217590,RealESRGAN,ava_images___217590.png,dataset/sr/RealESRGAN/ava_images___217590.png,dataset/hr/ava_images___217590.png,dataset/lr/ava_images___217590.png,33.188236236572266,0.9378961631794805,0.191817045211792,0.09739173948764801,0.47193247079849243,0.525087833404541,34.59371566772461,0.9586295151567962,0.22145944833755493,0.11855210363864899,0.5394837260246277,0.5295077562332153,35.332481384277344,0.9638135994650623,0.24474447965621948,0.10605326294898987,0.7697456479072571,0.5164870619773865,35.33538055419922,0.9639588062902265,0.2147517204284668,0.10000869631767273,0.6197740435600281,0.5084077715873718
RealESRGAN:ava_images___251530,RealESRGAN,ava_images___251530.png,dataset/sr/RealESRGAN/ava_images___251530.png,dataset/hr/ava_images___251530.png,dataset/lr/ava_images___251530.png,14.609895706176758,0.21419350644160096,0.5272184014320374,0.48360297083854675,1.4020497798919678,0.17534521222114563,19.19033432006836,0.5486682945945743,0.5355058908462524,0.377716988325119,-0.2936071455478668,0.3027101457118988,20.26340103149414,0.5371876066866493,0.5029235482215881,0.392576664686203,0.07035412639379501,0.27925369143486023,19.88792610168457,0.5472001780563112,0.48318958282470703,0.3476879596710205,-0.12303785234689713,0.2667940855026245
RealESRGAN:ava_images___253900,RealESRGAN,ava_images___253900.png,dataset/sr/RealESRGAN/ava_images___253900.png,dataset/hr/ava_images___253900.png,dataset/lr/ava_images___253900.png,23.81270980834961,0.8025847512972671,0.3151562213897705,0.1475524604320526,0.8466972708702087,0.3199706971645355,28.17780303955078,0.8807592969194482,0.2583993375301361,0.14121949672698975,-0.20822155475616455,0.4161507785320282,28.576820373535156,0.8889698114058667,0.22492772340774536,0.11577655375003815,0.2188224345445633,0.38244661688804626,28.61048126220703,0.8889443880679333,0.21529735624790192,0.11592744290828705,0.030022289603948593,0.411652147769928
RealESRGAN:ava_images___273810,RealESRGAN,ava_images___273810.png,dataset/sr/RealESRGAN/ava_images___273810.png,dataset/hr/ava_images___273810.png,dataset/lr/ava_images___273810.png,28.180118560791016,0.9057672626870394,0.22910375893115997,0.14020496606826782,0.43708932399749756,0.495898574590683,30.396202087402344,0.9384955149669167,0.20790037512779236,0.18739721179008484,0.3351331651210785,0.5514023303985596,31.32036590576172,0.9541197138031765,0.16899916529655457,0.11789381504058838,0.6185849905014038,0.5213231444358826,31.244892120361328,0.9510212979758192,0.1821746826171875,0.1383877396583557,0.4444499909877777,0.5286127328872681
RealESRGAN:ava_images___295451,RealESRGAN,ava_images___295451.png,dataset/sr/RealESRGAN/ava_images___295451.png,dataset/hr/ava_images___295451.png,dataset/lr/ava_images___295451.png,23.229400634765625,0.8468281900939558,0.3016400635242462,0.1383105218410492,0.2591889500617981,0.36216628551483154,25.83185577392578,0.8892323102197887,0.26741182804107666,0.14402027428150177,-0.9680086970329285,0.446868896484375,26.245426177978516,0.8952323321881609,0.2282610833644867,0.1058749184012413,-0.20405301451683044,0.41967353224754333,26.389141082763672,0.8991112930424052,0.25870734453201294,0.10342950373888016,-0.07383947819471359,0.42337360978126526
RealESRGAN:ava_images___308473,RealESRGAN,ava_images___308473.png,dataset/sr/RealESRGAN/ava_images___308473.png,dataset/hr/ava_images___308473.png,dataset/lr/ava_images___308473.png,23.90409278869629,0.7532140296786984,0.32845455408096313,0.18098407983779907,0.7465185523033142,0.31065675616264343,27.33039093017578,0.8731498441493835,0.27621012926101685,0.15126463770866394,-0.7923153042793274,0.40428242087364197,27.10521697998047,0.8798312746081092,0.23239779472351074,0.1303621232509613,0.06615643203258514,0.37056633830070496,27.700889587402344,0.8877608278699394,0.24503234028816223,0.11548817902803421,-0.04154637083411217,0.40389367938041687
RealESRGAN:ava_images___321917,RealESRGAN,ava_images___321917.png,dataset/sr/RealESRGAN/ava_images___321917.png,dataset/hr/ava_images___321917.png,dataset/lr/ava_images___321917.png,15.264209747314453,0.40260278856102205,0.39191630482673645,0.2203822135925293,1.2358440160751343,0.21936050057411194,19.118268966674805,0.6001453903388576,0.47128820419311523,0.5323618054389954,-0.33879274129867554,0.3342761993408203,19.230548858642578,0.5794404944968707,0.45178937911987305,0.5088404417037964,0.4535135328769684,0.28987470269203186,19.217512130737305,0.6006403747780283,0.4601207375526428,0.48336082696914673,0.28724557161331177,0.31822749972343445
RealESRGAN:ava_images___360165,RealESRGAN,ava_images___360165.png,dataset/sr/RealESRGAN/ava_images___360165.png,dataset/hr/ava_images___360165.png,dataset/lr/ava_images___360165.png,20.48394203186035,0.7858782101475429,0.26852113008499146,0.17206384241580963,0.7174535393714905,0.3646247982978821,23.126317977905273,0.8461544892514554,0.23978906869888306,0.21726056933403015,-0.7517430782318115,0.46438321471214294,23.667831420898438,0.8694165322321314,0.19018414616584778,0.15764091908931732,-0.18984925746917725,0.4550972580909729,23.70796012878418,0.8696196905669318,0.21983197331428528,0.17557911574840546,-0.26212435960769653,0.4527207314968109
RealESRGAN:ava_images___426629,RealESRGAN,ava_images___426629.png,dataset/sr/RealESRGAN/ava_images___426629.png,dataset/hr/ava_images___426629.png,dataset/lr/ava_images___426629.png,20.954837799072266,0.6457515317215593,0.35733574628829956,0.23461458086967468,1.1911308765411377,0.3020566999912262,24.698204040527344,0.8005332547155128,0.38516104221343994,0.29763996601104736,-0.24983355402946472,0.3871188759803772,24.826833724975586,0.79631192568381,0.3355177044868469,0.2837640643119812,0.2466721534729004,0.3620654046535492,24.49526023864746,0.7898510438155589,0.3661041557788849,0.25919342041015625,-0.06680503487586975,0.356800377368927
RealESRGAN:ava_images___436880,RealESRGAN,ava_images___436880.png,dataset/sr/RealESRGAN/ava_images___436880.png,dataset/hr/ava_images___436880.png,dataset/lr/ava_images___436880.png,18.559696197509766,0.5865998435136222,0.3682253062725067,0.2507951855659485,1.0746433734893799,0.2763994634151459,21.6744441986084,0.7388260557569163,0.341249942779541,0.3256734311580658,-0.6961008906364441,0.3453438878059387,22.1007137298584,0.7519145118599347,0.3146184980869293,0.28648310899734497,-0.1556125432252884,0.32588425278663635,22.251298904418945,0.7533399918226614,0.3243095576763153,0.261612206697464,-0.27329280972480774,0.36132457852363586
RealESRGAN:ava_images___46021,RealESRGAN,ava_images___46021.png,dataset/sr/RealESRGAN/ava_images___46021.png,dataset/hr/ava_images___46021.png,dataset/lr/ava_images___46021.png,25.423124313354492,0.9090349098148621,0.26011931896209717,0.13456566631793976,-0.3407011330127716,0.5330098867416382,24.781362533569336,0.8881324662086958,0.2440834939479828,0.21712841093540192,-1.0365071296691895,0.48453694581985474,27.117673873901367,0.9402291735079116,0.17750123143196106,0.08372464776039124,0.21004493534564972,0.5194520950317383,26.063743591308594,0.9189053180323232,0.20907899737358093,0.13667474687099457,-0.43913277983665466,0.5042421221733093
RealESRGAN:ava_images___472713,RealESRGAN,ava_images___472713.png,dataset/sr/RealESRGAN/ava_images___472713.png,dataset/hr/ava_images___472713.png,dataset/lr/ava_images___472713.png,24.92023468017578,0.764317796055195,0.3447313904762268,0.24470670521259308,1.238784670829773,0.3509555160999298,28.157546997070312,0.9063155700453823,0.24701181054115295,0.1659177988767624,0.0782850906252861,0.4527847468852997,27.687246322631836,0.8977691112762082,0.2363475263118744,0.15000852942466736,0.8206507563591003,0.41679683327674866,27.745651245117188,0.9041452989988249,0.2300269454717636,0.15178216993808746,0.5723174810409546,0.43074390292167664
RealESRGAN:ava_images___501777,RealESRGAN,ava_images___501777.png,dataset/sr/RealESRGAN/ava_images___501777.png,dataset/hr/ava_images___501777.png,dataset/lr/ava_images___501777.png,26.580581665039062,0.8637437644962312,0.3134668469429016,0.18315494060516357,0.7879652976989746,0.39560365676879883,27.018482208251953,0.9034572847721484,0.2945447862148285,0.22574815154075623,0.4461105167865753,0.4602106511592865,28.07070541381836,0.9188566788056985,0.26067736744880676,0.15788808465003967,0.3623711168766022,0.44290146231651306,27.941991806030273,0.9187055284422242,0.27599355578422546,0.177266463637352,0.4424993097782135,0.4603128433227539
RealESRGAN:ava_images___564572,RealESRGAN,ava_images___564572.png,dataset/sr/RealESRGAN/ava_images___564572.png,dataset/hr/ava_images___564572.png,dataset/lr/ava_images___564572.png,24.502132415771484,0.8414348568608147,0.21529632806777954,0.22888310253620148,0.7246304750442505,0.31493911147117615,29.21432876586914,0.8936970514320256,0.20828980207443237,0.0940089076757431,0.30384930968284607,0.37487342953681946,28.3211612701416,0.8929008148887926,0.17677918076515198,0.07541447132825851,0.14099819958209991,0.3883340060710907,28.863637924194336,0.9054245923668996,0.17261558771133423,0.09180480241775513,0.06887651979923248,0.38908106088638306
RealESRGAN:ava_images___588008,RealESRGAN,ava_images___588008.png,dataset/sr/RealESRGAN/ava_images___588008.png,dataset/hr/ava_images___588008.png,dataset/lr/ava_images___588008.png,36.39337158203125,0.9675184324372204,0.19504347443580627,0.09982402622699738,0.8246939182281494,0.5642483830451965,36.500858306884766,0.9698233827858439,0.19091154634952545,0.15694372355937958,0.3712223768234253,0.5664969682693481,31.40907096862793,0.9616136070009645,0.15549074113368988,0.15890266001224518,0.810567319393158,0.5467339754104614,31.052656173706055,0.960631862482552,0.17678184807300568,0.18094493448734283,0.6421683430671692,0.5482439994812012
RealESRGAN:ava_images___645845,RealESRGAN,ava_images___645845.png,dataset/sr/RealESRGAN/ava_images___645845.png,dataset/hr/ava_images___645845.png,dataset/lr/ava_images___645845.png,23.791248321533203,0.7954642772612679,0.3203243613243103,0.20151779055595398,1.4067848920822144,0.328888863325119,28.789276123046875,0.9069659926145854,0.26574432849884033,0.1646134853363037,0.3167870044708252,0.45636340975761414,27.7689208984375,0.862547080426783,0.2604959011077881,0.1477028727531433,0.6145349740982056,0.4287581145763397,28.583675384521484,0.9034625509316371,0.2445141077041626,0.14555776119232178,0.4331701099872589,0.42896556854248047
RealESRGAN:ava_images___699615,RealESRGAN,ava_images___699615.png,dataset/sr/RealESRGAN/ava_images___699615.png,dataset/hr/ava_images___699615.png,dataset/lr/ava_images___699615.png,22.970184326171875,0.8191146439002428,0.21915699541568756,0.14824771881103516,0.9628868103027344,0.437741756439209,25.971237182617188,0.8929113465365678,0.2049250304698944,0.1338845193386078,0.358447402715683,0.5477885007858276,27.08252716064453,0.916298860717836,0.16774633526802063,0.10698924213647842,0.48696205019950867,0.5332233905792236,27.11600112915039,0.9129810530255312,0.18585631251335144,0.1124514564871788,0.40598681569099426,0.5364866852760315
RealESRGAN:ava_images___710191,RealESRGAN,ava_images___710191.png,dataset/sr/RealESRGAN/ava_images___710191.png,dataset/hr/ava_images___710191.png,dataset/lr/ava_images___710191.png,27.60892105102539,0.8454372269858115,0.19629718363285065,0.15457995235919952,0.7442541718482971,0.37511518597602844,31.291370391845703,0.905354019520148,0.17740745842456818,0.10680277645587921,0.43440908193588257,0.42411184310913086,33.0126953125,0.917143455360612,0.1484842300415039,0.05162501335144043,0.454081654548645,0.4331064224243164,32.33270263671875,0.9090423751135743,0.16081500053405762,0.07399042695760727,0.5520079135894775,0.40181007981300354
RealESRGAN:ava_images___737450,RealESRGAN,ava_images___737450.png,dataset/sr/RealESRGAN/ava_images___737450.png,dataset/hr/ava_images___737450.png,dataset/lr/ava_images___737450.png,25.0367374420166,0.8487832953024576,0.2182309776544571,0.20051845908164978,1.7210097312927246,0.40061554312705994,28.94808578491211,0.9306916051244829,0.19391271471977234,0.08079549670219421,0.9373056888580322,0.4448156952857971,26.59502410888672,0.9291579743854955,0.18494683504104614,0.08152490854263306,1.0067238807678223,0.45555850863456726,26.734378814697266,0.9282839348414383,0.18634942173957825,0.08407518267631531,0.5094438791275024,0.4391014277935028
RealESRGAN:ava_images___74410,RealESRGAN,ava_images___74410.png,dataset/sr/RealESRGAN/ava_images___74410.png,dataset/hr/ava_images___74410.png,dataset/lr/ava_images___74410.png,24.53293228149414,0.5583711311126045,0.3944222331047058,0.30510932207107544,1.6019198894500732,0.3871326148509979,27.49233627319336,0.7756439206511224,0.3554314374923706,0.26632195711135864,0.6517225503921509,0.439104288816452,27.456863403320312,0.7294594021677193,0.35718971490859985,0.2596198320388794,1.1032568216323853,0.3904508650302887,27.942707061767578,0.7603988446656376,0.3520520329475403,0.2549562454223633,0.8742865920066833,0.3915272355079651
RealESRGAN:ava_images___751927,RealESRGAN,ava_images___751927.png,dataset/sr/RealESRGAN/ava_images___751927.png,dataset/hr/ava_images___751927.png,dataset/lr/ava_images___751927.png,25.707679748535156,0.8402057320475358,0.2595040202140808,0.278885155916214,0.21569818258285522,0.32003912329673767,32.13826370239258,0.9436499007105039,0.2454458773136139,0.08438358455896378,-0.6894331574440002,0.3958386480808258,29.41988182067871,0.9084151541746006,0.24081724882125854,0.11224496364593506,0.9210308194160461,0.34910354018211365,30.522216796875,0.9297268555485287,0.21905404329299927,0.08598512411117554,0.7418035268783569,0.36214983463287354
RealESRGAN:ava_images___773899,RealESRGAN,ava_images___773899.png,dataset/sr/RealESRGAN/ava_images___773899.png,dataset/hr/ava_images___773899.png,dataset/lr/ava_images___773899.png,26.41492462158203,0.8486098026186478,0.2644960880279541,0.14272326231002808,-0.38050341606140137,0.39295709133148193,27.466148376464844,0.8809679199333491,0.2670692801475525,0.19037525355815887,-1.1233770847320557,0.42259716987609863,28.818614959716797,0.897980420165095,0.2178308069705963,0.14022576808929443,-0.19729794561862946,0.42193928360939026,28.59773826599121,0.8954428446705762,0.2378658801317215,0.14489367604255676,-0.4699648320674896,0.4301016330718994
RealESRGAN:ava_images___827653,RealESRGAN,ava_images___827653.png,dataset/sr/RealESRGAN/ava_images___827653.png,dataset/hr/ava_images___827653.png,dataset/lr/ava_images___827653.png,21.418659210205078,0.683603490991633,0.3497326076030731,0.31325945258140564,1.9374064207077026,0.24199973046779633,25.318126678466797,0.8381995736348814,0.27323290705680847,0.15535740554332733,0.9360620379447937,0.3414168059825897,25.322561264038086,0.8458120189787516,0.24904587864875793,0.1371731013059616,0.7927260994911194,0.37720078229904175,25.63018035888672,0.8454494308866164,0.24660438299179077,0.14143973588943481,0.7550814151763916,0.34779196977615356
RealESRGAN:ava_images___842206,RealESRGAN,ava_images___842206.png,dataset/sr/RealESRGAN/ava_images___842206.png,dataset/hr/ava_images___842206.png,dataset/lr/ava_images___842206.png,27.307979583740234,0.8158171553218706,0.3228665590286255,0.19949284195899963,0.6013078093528748,0.44398233294487,29.390727996826172,0.881313003361504,0.30024635791778564,0.17067879438400269,0.0693388432264328,0.47275373339653015,29.534482955932617,0.8770117836704467,0.2978717088699341,0.15807068347930908,0.7522767186164856,0.443019300699234,29.67034339904785,0.8869894903497132,0.2720746695995331,0.15513436496257782,0.48785701394081116,0.46458420157432556
RealESRGAN:ava_images___846773,RealESRGAN,ava_images___846773.png,dataset/sr/RealESRGAN/ava_images___846773.png,dataset/hr/ava_images___846773.png,dataset/lr/ava_images___846773.png,20.3056697845459,0.6575396402830189,0.32276788353919983,0.28493785858154297,1.3569061756134033,0.30125007033348083,24.679983139038086,0.8081632218787058,0.2884712517261505,0.17804591357707977,-0.20373399555683136,0.35056695342063904,24.957847595214844,0.8022706150272888,0.2758411169052124,0.15984156727790833,0.817030668258667,0.328134685754776,25.02523422241211,0.8132143055177503,0.29907867312431335,0.16445012390613556,0.3090136647224426,0.330758273601532
RealESRGAN:ava_images___857447,RealESRGAN,ava_images___857447.png,dataset/sr/RealESRGAN/ava_images___857447.png,dataset/hr/ava_images___857447.png,dataset/lr/ava_images___857447.png,20.900278091430664,0.5521857358255958,0.379791259765625,0.4082218408584595,1.997759461402893,0.31009817123413086,25.2712459564209,0.7501301841816359,0.3328329622745514,0.23531146347522736,0.8270214200019836,0.3565402328968048,25.382091522216797,0.7296315745859161,0.3245033919811249,0.2202458530664444,1.3989081382751465,0.3225491940975189,25.164493560791016,0.7401596351469447,0.33084186911582947,0.2243289053440094,1.4955346584320068,0.3305469751358032
RealESRGAN:ava_images___864250,RealESRGAN,ava_images___864250.png,dataset/sr/RealESRGAN/ava_images___864250.png,dataset/hr/ava_images___864250.png,dataset/lr/ava_images___864250.png,19.79151153564453,0.7341764615096512,0.3293170928955078,0.26263290643692017,1.8367035388946533,0.3071901798248291,23.70110511779785,0.8590368098893565,0.28139403462409973,0.1573139727115631,0.639453649520874,0.37317734956741333,23.608522415161133,0.8620206435240788,0.25176554918289185,0.12940026819705963,0.5331906080245972,0.38587746024131775,23.666812896728516,0.8432787698231743,0.28371888399124146,0.16475839912891388,0.7801200747489929,0.35880884528160095
RealESRGAN:ava_images___865616,RealESRGAN,ava_images___865616.png,dataset/sr/RealESRGAN/ava_images___865616.png,dataset/hr/ava_images___865616.png,dataset/lr/ava_images___865616.png,19.25928497314453,0.6123209687575187,0.33772528171539307,0.2754001021385193,1.0357099771499634,0.26422858238220215,23.07245635986328,0.7554748482452678,0.3187435269355774,0.25084394216537476,-0.6470884084701538,0.37195318937301636,23.104494094848633,0.7617195319113688,0.2936812937259674,0.2421383559703827,-0.3042253255844116,0.3767077922821045,23.022899627685547,0.7472407152506392,0.31635749340057373,0.21513484418392181,-0.19278831779956818,0.3648987412452698
RealESRGAN:ava_images___953752,RealESRGAN,ava_images___953752.png,dataset/sr/RealESRGAN/ava_images___953752.png,dataset/hr/ava_images___953752.png,dataset/lr/ava_images___953752.png,22.319072723388672,0.6794242648752652,0.3178967237472534,0.2699436545372009,1.8717353343963623,0.3094579875469208,25.82780647277832,0.8412777150348386,0.2799454927444458,0.17538833618164062,0.5986548066139221,0.41598787903785706,25.10967254638672,0.8291551302112703,0.2699953317642212,0.17271018028259277,0.7373390793800354,0.42660680413246155,25.569625854492188,0.8392664250438862,0.27838730812072754,0.1761144995689392,0.47603732347488403,0.43588986992836
RealESRGAN:blur_dataset___out_of_focus0685,RealESRGAN,blur_dataset___out_of_focus0685.png,dataset/sr/RealESRGAN/blur_dataset___out_of_focus0685.png,dataset/hr/blur_dataset___out_of_focus0685.png,dataset/lr/blur_dataset___out_of_focus0685.png,27.19171714782715,0.8151674107036674,0.34678640961647034,0.28213050961494446,1.2067111730575562,0.41796308755874634,29.421714782714844,0.916757247815313,0.30100199580192566,0.11346638202667236,-0.25939303636550903,0.4799463450908661,30.190406799316406,0.9328698907667372,0.2744288444519043,0.09007932990789413,0.3432653844356537,0.5002850890159607,30.460678100585938,0.9385760765803545,0.2502647042274475,0.09529601782560349,0.10011008381843567,0.4939888119697571
RealESRGAN:voc_emotic_ava___EMOTIC__COCO_train2014_000000244530,RealESRGAN,voc_emotic_ava___EMOTIC__COCO_train2014_000000244530.png,dataset/sr/RealESRGAN/voc_emotic_ava___EMOTIC__COCO_train2014_000000244530.png,dataset/hr/voc_emotic_ava___EMOTIC__COCO_train2014_000000244530.png,dataset/lr/voc_emotic_ava___EMOTIC__COCO_train2014_000000244530.png,24.704408645629883,0.7504894586249783,0.37408560514450073,0.29426199197769165,0.9843777418136597,0.31601598858833313,28.083953857421875,0.874045825320913,0.3279455602169037,0.25109004974365234,-0.06968746334314346,0.5342522263526917,27.891193389892578,0.8874776223343254,0.2964393198490143,0.23564513027668,0.19977101683616638,0.5302058458328247,28.269512176513672,0.8855662897272198,0.298989862203598,0.21817488968372345,0.08567256480455399,0.5182623267173767
RealESRGAN:voc_emotic_ava___EMOTIC__COCO_train2014_000000247190,RealESRGAN,voc_emotic_ava___EMOTIC__COCO_train2014_000000247190.png,dataset/sr/RealESRGAN/voc_emotic_ava___EMOTIC__COCO_train2014_000000247190.png,dataset/hr/voc_emotic_ava___EMOTIC__COCO_train2014_000000247190.png,dataset/lr/voc_emotic_ava___EMOTIC__COCO_train2014_000000247190.png,22.711681365966797,0.6029164709914224,0.3583879768848419,0.36098456382751465,1.3149036169052124,0.32507047057151794,26.432281494140625,0.8233221619653995,0.2957291603088379,0.25293436646461487,0.007089393679052591,0.4879705607891083,26.219690322875977,0.7993441215328603,0.31044602394104004,0.24787768721580505,0.5555194616317749,0.4262212812900543,26.452484130859375,0.817395492016152,0.2963038980960846,0.2280779331922531,0.28337785601615906,0.43201833963394165
RealESRGAN:voc_emotic_ava___EMOTIC__COCO_val2014_000000020598,RealESRGAN,voc_emotic_ava___EMOTIC__COCO_val2014_000000020598.png,dataset/sr/RealESRGAN/voc_emotic_ava___EMOTIC__COCO_val2014_000000020598.png,dataset/hr/voc_emotic_ava___EMOTIC__COCO_val2014_000000020598.png,dataset/lr/voc_emotic_ava___EMOTIC__COCO_val2014_000000020598.png,22.251075744628906,0.7003984630361367,0.32740867137908936,0.2206960767507553,1.0050780773162842,0.31452247500419617,24.402925491333008,0.8242390107359798,0.29945454001426697,0.27167871594429016,0.11500535160303116,0.4825558662414551,24.14117431640625,0.8296660726044939,0.2860516309738159,0.25319236516952515,0.3514922559261322,0.44883590936660767,24.2342472076416,0.8308370036866816,0.28942736983299255,0.23709797859191895,0.1861543357372284,0.4719613194465637
RealESRGAN:voc_emotic_ava___JPEGImages__2008_003883,RealESRGAN,voc_emotic_ava___JPEGImages__2008_003883.png,dataset/sr/RealESRGAN/voc_emotic_ava___JPEGImages__2008_003883.png,dataset/hr/voc_emotic_ava___JPEGImages__2008_003883.png,dataset/lr/voc_emotic_ava___JPEGImages__2008_003883.png,20.60573959350586,0.5859385858506891,0.4319542944431305,0.34738802909851074,1.3480643033981323,0.2918398082256317,24.90777015686035,0.8071736780862343,0.3561176061630249,0.28116321563720703,-0.001766071654856205,0.4334997236728668,24.45543098449707,0.7776504966684378,0.36150866746902466,0.2756841480731964,0.7705382704734802,0.3861328661441803,25.296728134155273,0.8245578110772467,0.32990601658821106,0.2434951663017273,0.1368245929479599,0.4251185357570648
RealESRGAN:voc_emotic_ava___VOC2012__2010_004399,RealESRGAN,voc_emotic_ava___VOC2012__2010_004399.png,dataset/sr/RealESRGAN/voc_emotic_ava___VOC2012__2010_004399.png,dataset/hr/voc_emotic_ava___VOC2012__2010_004399.png,dataset/lr/voc_emotic_ava___VOC2012__2010_004399.png,21.44399642944336,0.7093293738743783,0.38998475670814514,0.2913190722465515,0.4853893518447876,0.3028653562068939,23.828475952148438,0.8008055797430091,0.319696307182312,0.2907125949859619,-0.19203098118305206,0.4026336669921875,23.977535247802734,0.8154492229409048,0.31143438816070557,0.21400071680545807,0.27754122018814087,0.3714887797832489,24.13439178466797,0.8146756148853865,0.308761328458786,0.23960372805595398,0.2730298936367035,0.3936082422733307
RealESRGAN:voc_emotic_ava___VOC2012__2012_004043,RealESRGAN,voc_emotic_ava___VOC2012__2012_004043.png,dataset/sr/RealESRGAN/voc_emotic_ava___VOC2012__2012_004043.png,dataset/hr/voc_emotic_ava___VOC2012__2012_004043.png,dataset/lr/voc_emotic_ava___VOC2012__2012_004043.png,20.943721771240234,0.5786841629171975,0.3173865079879761,0.31981706619262695,1.2404989004135132,0.3173007071018219,25.306873321533203,0.8073628163554325,0.2688296139240265,0.23238669335842133,-0.5508066415786743,0.45306941866874695,24.631725311279297,0.7908148863060122,0.2694742679595947,0.21778902411460876,0.22720253467559814,0.4245261251926422,25.107545852661133,0.792576870128767,0.2736048400402069,0.19336265325546265,0.16665560007095337,0.41856127977371216
